node,prefix,pagerank_score,log_pr
UBERON:0000473,UBERON,826.9793033837466,6.718988158159507
GO:0003674,GO,581.8624908576331,6.367951293791837
GO:0008150,GO,542.3055104316053,6.297671796026943
GO:0006396,GO,362.7425074085507,5.896446220084005
HP:0000006,HP,257.0340060268892,5.553091382541702
MP:0002169,MP,255.86979446258505,5.548569320179315
UBERON:0000991,UBERON,255.26173048044456,5.546199306889522
GO:0046872,GO,247.99101302462236,5.517416803542773
GO:0005515,GO,232.5720625445906,5.4534906485305426
MGI:104735,MGI,215.54805460240723,5.377812484024842
ZFA:0001094,ZFA,181.58399018487432,5.207210287344807
HGNC:1101,HGNC,179.7860257646586,5.197314153846287
MONDO:0012933,MONDO,170.80509549051698,5.1463606685429015
GO:0007165,GO,165.27222746419756,5.113626369631811
HGNC:1100,HGNC,152.19635585614785,5.031720470183814
GO:0008270,GO,152.05999838702152,5.030829990843564
MONDO:0011450,MONDO,142.37110607558847,4.965436416061286
GO:0007186,GO,138.71902164766686,4.939633417678694
GO:0016787,GO,126.05295517120044,4.844603969402792
GO:0016740,GO,121.35707782860476,4.806943637243727
HP:0000007,HP,118.75879791123684,4.785479702579675
UBERON:0002107,UBERON,118.55936176670072,4.78381299921732
GO:0000166,GO,117.8650767764238,4.777989041262818
HGNC:10856,HGNC,116.8959617187456,4.7698025552073195
HP:0100615,HP,115.36521071659612,4.756733613619516
ZFA:0001093,ZFA,112.59124683323432,4.732606450794007
GO:0004930,GO,109.79268064106448,4.707660712935009
GO:0003677,GO,106.86704485291,4.680899402563017
UBERON:0000178,UBERON,97.84754534541284,4.5935787171931075
UBERON:0000955,UBERON,95.03343466886666,4.564696408633895
EMAPA:16039,EMAPA,93.2623268488371,4.5460816066230825
UBERON:0002113,UBERON,92.62315973455205,4.539277785938489
GO:0005524,GO,92.5042372564792,4.538006753518915
UBERON:0000948,UBERON,91.47620809743846,4.526951401676855
UBERON:0015488,UBERON,86.5010780198941,4.471651113515036
EMAPA:17577,EMAPA,83.18491824432111,4.433015786966227
MP:0011100,MP,83.17297461929402,4.4328739032108055
UBERON:0000992,UBERON,80.26091415997115,4.3976651403113545
MONDO:0015967,MONDO,78.64750000000174,4.377610648543964
CL:0000094,CL,77.51504227687008,4.363290227792737
MONDO:0005835,MONDO,76.19294214881809,4.346308029908628
GO:0000244,GO,76.06451716630382,4.3446429563004445
WBBT:0000100,WBBT,75.82600421919817,4.341543179446876
FBBT:00003007,FBBT,75.70512796633952,4.339968563587367
HGNC:10471,HGNC,75.3057068540008,4.334747730434442
UBERON:0002106,UBERON,74.06769925472956,4.318390363116444
GO:0000353,GO,73.52354063879406,4.3111150572025805
FBBT:00000001,FBBT,73.10049531941947,4.305422216752298
GO:0016491,GO,72.61033262874686,4.2987854048587595
GO:0006412,GO,72.47683646876271,4.296970206463706
GO:0006357,GO,71.88838207756217,4.288929258379518
CL:0000023,CL,70.99337580963281,4.2765741121395635
UBERON:0001134,UBERON,69.88267924120039,4.261026105260771
EMAPA:16894,EMAPA,68.53156964941392,4.241780888995101
MONDO:0011071,MONDO,67.60393610021514,4.228349910639968
UBERON:0002037,UBERON,66.57355761773411,4.21321674702511
CL:0000018,CL,65.6616322806336,4.19962955923797
GO:0007608,GO,63.742260942214315,4.1704141713083445
GO:0030621,GO,63.28767507024256,4.1633679343365655
UBERON:0002048,UBERON,63.05874026833793,4.159800479116253
CL:0000017,CL,63.01415121266336,4.159104171615727
HGNC:8582,HGNC,62.7555382192132,4.155056054292079
GO:0003723,GO,62.42134056383306,4.149800406758655
GO:0055085,GO,61.87653553818497,4.141173050200178
CL:0000576,CL,61.765052967209144,4.139398437167038
GO:0006355,GO,61.2372131600849,4.130953103162097
MONDO:0009861,MONDO,60.7537091318579,4.123154040616821
UBERON:0001155,UBERON,60.550177015656224,4.119852728591497
EMAPA:17972,EMAPA,59.60411074395729,4.1043627248333445
EMAPA:17373,EMAPA,57.10031318173149,4.062171054234585
UBERON:0002385,UBERON,55.93467843793427,4.041904618366304
GO:0004984,GO,54.95918391287745,4.024622566289895
GO:0030533,GO,54.17186617304291,4.010453152578542
GO:0003735,GO,52.12152019639331,3.9725821229136815
UBERON:0003701,UBERON,51.911036652145434,3.9686119494692464
UBERON:0000160,UBERON,51.78560279781009,3.966238479245924
HP:0004325,HP,51.30955871064173,3.9571791213049123
EMAPA:16105,EMAPA,50.74379271280508,3.9463044773725464
EMAPA:16728,EMAPA,50.595005349978166,3.943424872259467
EMAPA:16846,EMAPA,50.4667949756551,3.940936841969752
UBERON:0002336,UBERON,49.66526461798115,3.9252405597817597
UBERON:0018303,UBERON,48.916161531948234,3.9103448287159432
GO:0050911,GO,48.84133324471702,3.9088446246173367
UBERON:0004533,UBERON,45.66469476602119,3.8429878780345947
GO:0000981,GO,45.398732568276984,3.837272143520281
GO:0006508,GO,45.25727948429899,3.8342188458283712
GO:0016301,GO,44.98636581092464,3.8283449571406107
EMAPA:17544,EMAPA,44.917246945767054,3.8268407969424185
UBERON:0000966,UBERON,44.80818005470302,3.8244626789868534
EMAPA:17838,EMAPA,44.17908756083946,3.8106343151927056
UBERON:0004534,UBERON,44.10463263175467,3.8089849603410286
GO:0003676,GO,42.88073429302421,3.7814753693833376
HP:0001426,HP,42.72571967335311,3.7779364798510486
GO:0045087,GO,41.91419625387373,3.7592026862023875
UBERON:0002114,UBERON,41.58018471436855,3.7513889975106105
HP:0003251,HP,41.57904487232646,3.7513622278451804
GO:0005509,GO,41.356494593004506,3.7461217645470737
MP:0001265,MP,40.94034303862332,3.736248204711266
GO:0000978,GO,40.83995430527016,3.733851727625817
UBERON:0005386,UBERON,40.80901823963415,3.7331120636202644
UBERON:0000451,UBERON,40.22026480706509,3.7189299996790646
HGNC:7127,HGNC,40.0442659123965,3.7146511406944156
UBERON:0000082,UBERON,39.2752807775573,3.69573790054854
EMAPA:17787,EMAPA,38.39647219403525,3.6736762740726467
EMAPA:16974,EMAPA,38.377821530558776,3.673202752497444
GO:0006955,GO,38.098863384854255,3.666093397127728
GO:0043312,GO,38.079349912974266,3.6655941922607433
MP:0011110,MP,37.981116998722506,3.663077349356958
HGNC:4195,HGNC,37.821878314109455,3.6589839617869644
MP:0002083,MP,37.729628674740866,3.656604905944962
HP:0000752,HP,37.69636265904946,3.6557456074803176
GO:0002376,GO,37.20815751428534,3.6430490403088895
UBERON:0001114,UBERON,37.17882915708672,3.6422811514336306
EMAPA:32845,EMAPA,37.02844457850579,3.6383344212485214
HP:0001250,HP,37.020333795630165,3.638121116496498
GO:0006629,GO,36.98003348698437,3.637060587084235
MONDO:0100326,MONDO,36.81547830967388,3.6327184979037592
GO:0022857,GO,36.54186039481625,3.625456587597344
GO:0008233,GO,36.25459187231997,3.6177752089683652
UBERON:0000970,UBERON,35.87306646208842,3.607481378358809
CL:0000738,CL,35.67786942985545,3.6021735603646983
HGNC:6547,HGNC,35.61057027025728,3.6003370039094134
UBERON:0001898,UBERON,35.44113893321393,3.5956983269311538
CL:0000775,CL,35.01679403690791,3.583985330703555
HGNC:7325,HGNC,34.81736927497025,3.578432951025683
CL:0000501,CL,34.45782526961752,3.568343969651354
FYPO:0002060,FYPO,34.186418182075215,3.5606601610457695
UBERON:0000007,UBERON,34.03488259259735,3.5563442106708094
EMAPA:17962,EMAPA,33.29165806377171,3.5349021194548778
UBERON:0001954,UBERON,33.279872156461195,3.5345583643311778
UBERON:0001302,UBERON,32.98489005058989,3.5259160155598797
MONDO:0007750,MONDO,32.76787939808664,3.5195100369885863
CL:0002336,CL,32.567183356886474,3.5135489038938394
GO:0035195,GO,32.493512793516395,3.5113517721241
MP:0011091,MP,32.486163208846435,3.5111323149652094
UBERON:0000945,UBERON,32.44970619840802,3.5100430032294763
GO:0045944,GO,32.38657063471348,3.508153742323117
GO:0006811,GO,32.36088990653444,3.5073842529901005
GO:0042802,GO,32.122917528113405,3.5002254152543473
UBERON:0001891,UBERON,32.06288451027686,3.498411339351327
UBERON:0002371,UBERON,32.05034564458056,3.4980320244754006
UBERON:0001401,UBERON,31.98316579066451,3.4959973037515306
GO:0007155,GO,31.930226974789225,3.494390989009196
UBERON:0001968,UBERON,31.759401547244178,3.489189991029371
UBERON:0005418,UBERON,31.544977440036515,3.4826230538311935
UBERON:0005417,UBERON,31.35975989207487,3.4769156722639645
UBERON:0010533,UBERON,31.217936492497252,3.4725233313930395
UBERON:0001381,UBERON,31.176324335125287,3.4712309130119796
CL:0000019,CL,31.11433862519804,3.4693026165446548
HGNC:11621,HGNC,30.97938489738072,3.465091473242744
UBERON:0001153,UBERON,30.969185128471068,3.464772474116039
HP:0001249,HP,30.915671365637593,3.463097154539957
EMAPA:17168,EMAPA,30.45548466440007,3.4485733610864093
GO:0005096,GO,30.42570532175224,3.447626198830711
EMAPA:16668,EMAPA,30.23703709094554,3.4416044770339185
HP:0001263,HP,30.213495463285685,3.4408505481941756
GO:0030154,GO,30.116207834083287,3.4377288356538602
GO:0004672,GO,30.032664100505848,3.4350403304147963
UBERON:0002190,UBERON,29.913060171103893,3.431178753867461
UBERON:0003053,UBERON,29.795176995493417,3.4273580866624607
FYPO:0002177,FYPO,29.648918758462504,3.422597384711439
EMAPA:16910,EMAPA,29.622951995850904,3.4217497930238836
EMAPA:17021,EMAPA,29.57667053211844,3.4202373172717975
UBERON:0002509,UBERON,29.43968926604214,3.415747324861295
GO:0005525,GO,29.42480367584618,3.4152581861279137
ZFA:0000029,ZFA,29.269815094429237,3.4101510144728238
EMAPA:18767,EMAPA,29.03297478701128,3.402295937595607
MP:0011098,MP,28.9757847722909,3.400389881464639
EMAPA:16470,EMAPA,28.971289494283234,3.400239906571916
EMAPA:16916,EMAPA,28.95308650794759,3.3996323746088013
HGNC:6138,HGNC,28.795824322756346,3.39436826029572
EMAPA:17536,EMAPA,28.575767763749404,3.386955369417588
CL:0002092,CL,28.32406352321736,3.3784084596124844
GO:0030246,GO,28.21896471031802,3.374817974836482
EMAPA:32809,EMAPA,28.159740843574852,3.3727890197064117
GO:0005634,GO,28.124453760330223,3.371578156699866
UBERON:0002240,UBERON,27.94798680094796,3.365500661046473
UBERON:0002372,UBERON,27.70226316111587,3.3569759754446307
GO:0003700,GO,27.693219395258964,3.3566608368473423
EMAPA:17540,EMAPA,27.58925889553269,3.3530310841910635
HGNC:2197,HGNC,27.549596994498515,3.351642820223004
GO:0004674,GO,27.45853466530468,3.3484481038205316
HGNC:620,HGNC,27.432063921495555,3.347517519633444
UBERON:0000988,UBERON,27.181795095350335,3.3386762054832397
HGNC:4065,HGNC,26.98895355497383,3.331809916439543
CL:0000655,CL,26.96418827697921,3.3309247014614036
MONDO:0009061,MONDO,26.95515568770583,3.33060164368885
EMAPA:16198,EMAPA,26.91867446558724,3.3292958006062277
HGNC:1884,HGNC,26.884587408533456,3.32807411355251
GO:0015031,GO,26.85541012349174,3.327027206878722
UBERON:0011219,UBERON,26.72802879610693,3.3224437714935897
GO:0005737,GO,26.462203541697797,3.3128106426300787
EMAPA:18321,EMAPA,26.447557833940454,3.3122771961995086
UBERON:0002116,UBERON,26.227845453647497,3.304240179561351
UBERON:0001013,UBERON,26.222910254904697,3.304058907559077
UBERON:0000995,UBERON,26.10128015569204,3.2995809649873844
UBERON:0000033,UBERON,26.098958851761804,3.299495308393459
UBERON:0001893,UBERON,26.066084230303243,3.298281439683139
EMAPA:17606,EMAPA,26.056581099933013,3.2979302695990382
UBERON:0005343,UBERON,25.975792120937573,3.2949398757153747
UBERON:0002370,UBERON,25.92542315111543,3.293070938837823
GO:0003824,GO,25.74042692719981,3.286176537410211
EMAPA:17525,EMAPA,25.55160807949466,3.279090313819683
ZFA:0000155,ZFA,25.30324323778361,3.269692248606792
MP:0001402,MP,25.257865274814456,3.267965573674415
UBERON:0000397,UBERON,25.202419928376333,3.265851770180275
UBERON:0000029,UBERON,25.10512582081864,3.2621316866485883
MONDO:0009290,MONDO,24.863749999999847,3.252842374431468
GO:0003779,GO,24.830914917327007,3.25157202720546
UBERON:0035834,UBERON,24.650867339501374,3.244577385450596
UBERON:0004991,UBERON,24.49943232749219,3.238656190249613
HP:0001251,HP,24.45389803543611,3.2368688957252685
GO:0007399,GO,24.30168631326206,3.230871046210387
UBERON:0005316,UBERON,24.291135063973982,3.230453941603298
HGNC:5157,HGNC,24.03580606761158,3.22030704289136
UBERON:0004023,UBERON,24.010515543695345,3.219296358179485
CL:0000711,CL,23.90399346265585,3.2150281706375
UBERON:0002084,UBERON,23.87909258439276,3.2140277955174765
UBERON:0014890,UBERON,23.840364546226574,3.2124699327316066
UBERON:0001298,UBERON,23.736613401469423,3.2082844700224116
EMAPA:17549,EMAPA,23.503455906034457,3.198814164992185
UBERON:0001870,UBERON,23.442326932611316,3.1963163397798557
GO:0005085,GO,23.387552519055895,3.1940728594704737
HP:0001252,HP,23.299226223126887,3.190444507169839
GO:0016757,GO,23.290160319610465,3.190071343223278
UBERON:0001301,UBERON,23.256532935902325,3.1886859805206376
HGNC:10483,HGNC,23.235706878153227,3.187827036528387
GO:0000122,GO,23.11031367003065,3.182639702064098
MP:0011092,MP,22.99107117655291,3.177681726815717
EMAPA:18768,EMAPA,22.97644447906702,3.1770718683421517
HP:0008897,HP,22.628525597904588,3.162454693903207
UBERON:0006562,UBERON,22.500799885793963,3.1570344582642043
EMAPA:17503,EMAPA,22.48818861139756,3.156497682517267
UBERON:0002196,UBERON,22.28650677928353,3.1478740846384876
EMAPA:17547,EMAPA,22.224389866586872,3.1452030138095886
GO:0034220,GO,22.21467367922337,3.1447845649106054
UBERON:0008285,UBERON,22.21101711358349,3.1446270415400317
EMAPA:32842,EMAPA,21.92115058722861,3.132060090727418
UBERON:0002245,UBERON,21.74131220975947,3.12418319157219
UBERON:0000989,UBERON,21.73655185785153,3.1239738434850306
MONDO:0004975,MONDO,21.638463043820888,3.1196503642735443
MONDO:0044970,MONDO,21.63568181818171,3.1195275027307736
UBERON:0002098,UBERON,21.57648792390664,3.116909007381635
GO:0035556,GO,21.49509416009032,3.113297248107461
EMAPA:16797,EMAPA,21.18044523765464,3.099211055555489
UBERON:0001890,UBERON,21.109676043990255,3.0960153427489083
GO:0016192,GO,21.040761508947696,3.0928935349105062
GO:0061630,GO,20.975871151536015,3.089945085631264
EMAPA:32711,EMAPA,20.926852374577017,3.0877120215572553
UBERON:0001017,UBERON,20.583997881941674,3.07195220133445
EMAPA:16896,EMAPA,20.571560680356356,3.071375811995788
GO:0031424,GO,20.499576185165555,3.0680332226214455
MP:0002075,MP,20.47789019020427,3.0670240427590323
GO:0003924,GO,20.289840634201223,3.0582299934006794
UBERON:0001896,UBERON,20.288796544941295,3.058180950531799
EMAPA:16833,EMAPA,20.26338634875971,3.0569866428618298
EMAPA:32678,EMAPA,20.254758358333113,3.056580793048558
UBERON:0001897,UBERON,20.167613913354227,3.0524723680412147
WBBT:0006751,WBBT,20.07889575151888,3.0482723385970494
MP:0005394,MP,20.063129124094697,3.047524077059719
GO:0002250,GO,20.032241661112355,3.0460565775247654
UBERON:0001876,UBERON,19.9627493955673,3.0427470243029946
UBERON:0003688,UBERON,19.9457261663604,3.04193462395128
GO:0016887,GO,19.91461237644541,3.0404480714422566
UBERON:0010239,UBERON,19.912049802230193,3.040325538393481
EMAPA:18426,EMAPA,19.816593471782532,3.035750431729923
UBERON:0002129,UBERON,19.793162595598897,3.0346242113011233
UBERON:0000956,UBERON,19.75103672916908,3.0325962082801277
HGNC:6156,HGNC,19.712933389901707,3.0307583066086923
EMAPA:35988,EMAPA,19.682492893986502,3.0292875885060027
HP:0004322,HP,19.444503566272346,3.0177140720971236
GO:0000395,GO,19.420984163814538,3.016563007648316
MGI:105076,MGI,19.413134578692407,3.0161785455631507
HP:0040270,HP,19.31861873980997,3.011537644996796
GO:0043565,GO,19.311732304123957,3.0111986651172225
EMAPA:32673,EMAPA,19.29867803346552,3.010555762423083
GO:0016567,GO,19.292105720626825,3.0102319296567117
EMAPA:17185,EMAPA,19.2374645364319,3.0075355666331953
UBERON:0004716,UBERON,19.226308692233086,3.0069841675128797
GO:0045131,GO,19.21781715706674,3.0065642531192416
GO:0000348,GO,19.210317990048324,3.0061932655840935
MP:0003984,MP,19.090980853626053,3.0002710006129423
GO:0030627,GO,19.04312402121127,2.997886153349192
EMAPA:32741,EMAPA,19.01700314442333,2.9965820695961987
MP:0010053,MP,18.98832166881391,2.9951481864490197
MP:0001406,MP,18.920627759396748,2.991755765685837
FBBT:00004954,FBBT,18.814861905138727,2.9864322574098736
GO:0007283,GO,18.791861417900208,2.985270813700609
GO:0006338,GO,18.73459791846279,2.982373334874462
UBERON:0004804,UBERON,18.62447607448225,2.976777566470436
HGNC:11998,HGNC,18.560162036118054,2.973494948627474
ZFA:0009248,ZFA,18.414201154622155,2.9660048165540736
UBERON:0016540,UBERON,18.346671243218218,2.9625203759028915
EMAPA:35998,EMAPA,18.154391893746222,2.9525320310418506
HGNC:5024,HGNC,18.10109543579015,2.9497456860671534
MP:0011087,MP,18.083081982894974,2.9488021824774884
HGNC:9588,HGNC,17.969588805710373,2.9428371076819664
EMAPA:17523,EMAPA,17.8223460721055,2.935044784842079
GO:0004252,GO,17.801528795801197,2.9339381854552946
FBBT:00001882,FBBT,17.741670004782964,2.930749387289284
MP:0000691,MP,17.72873200192452,2.930058815388278
HGNC:92,HGNC,17.72233387148665,2.9297171359006104
GO:0003729,GO,17.71870287867489,2.9295231779796604
UBERON:0004358,UBERON,17.713502715398104,2.9292453336353206
GO:0008289,GO,17.678791462363556,2.9273887338321507
UBERON:0002421,UBERON,17.65118205915396,2.925909525269202
UBERON:0001295,UBERON,17.537848828297363,2.9198145247271863
UBERON:0002021,UBERON,17.53238246472666,2.919519605412164
CL:0002255,CL,17.33292925143813,2.9086988554908113
ZFA:0000445,ZFA,17.224696989180448,2.902777651648438
GO:0038023,GO,17.130893149328156,2.897617287167697
HGNC:12442,HGNC,17.120239568051023,2.897029521722303
MP:0001304,MP,17.10470438903694,2.8961718154972846
MP:0001147,MP,17.04559100040599,2.892901389035629
EMAPA:32672,EMAPA,17.04339476098326,2.8927796765862985
MP:0013292,MP,17.0273809588116,2.8918917664760118
MONDO:0005044,MONDO,17.017751648428646,2.891357474608261
UBERON:0004252,UBERON,16.98852438729405,2.889734020545703
MP:0011086,MP,16.968613813656408,2.8886265589028244
ZFA:0000354,ZFA,16.932056896218025,2.8865899991756248
EMAPA:32874,EMAPA,16.84210562707564,2.8815611486105794
GO:0045893,GO,16.82789293315515,2.880764249521916
UBERON:0001388,UBERON,16.772286512260777,2.877640306497885
HP:0011121,HP,16.763992413936137,2.8771735103827107
HP:0000175,HP,16.66722902654055,2.871711456068369
HP:0001442,HP,16.659610082987214,2.87128011582602
UBERON:0001894,UBERON,16.549315058561994,2.865014921148097
GO:0005549,GO,16.547971777649696,2.8649383750082644
HP:0025408,HP,16.51855929681515,2.8632608502100725
MONDO:0005258,MONDO,16.469999999999985,2.8604851241459643
GO:0008168,GO,16.436429164893262,2.858561647797325
GO:0006974,GO,16.389531792876365,2.8558684040748323
GO:0005739,GO,16.341924000959914,2.8531269225765454
UBERON:0004359,UBERON,16.283268393556792,2.8497388886362476
GO:0006325,GO,16.251190582119303,2.8478811603489427
FYPO:0002061,FYPO,16.24579582833459,2.847568393676254
MP:0002968,MP,16.237172708863376,2.847068255781127
UBERON:0001154,UBERON,16.227842909081737,2.8465268488011937
MP:0011096,MP,16.218069275618404,2.845959371669323
EMAPA:17366,EMAPA,16.20242295167596,2.8450502431817477
UBERON:0001150,UBERON,16.201241828711666,2.844981580556862
HP:0001873,HP,16.178509189531926,2.8436591368614033
EMAPA:16469,EMAPA,16.153649527591668,2.8422109514158094
MONDO:0008723,MONDO,16.147224643649913,2.8418363321577216
UBERON:0000392,UBERON,16.086096261723725,2.838265048666718
GO:0004867,GO,16.08288587593375,2.838077136379107
UBERON:0001016,UBERON,16.061153489704417,2.836804153476799
HP:0008222,HP,16.04333721909694,2.8357593484169428
HGNC:10295,HGNC,15.962407560557214,2.8309995755106017
UBERON:0001913,UBERON,15.918395606146817,2.8284015273504073
MP:0001405,MP,15.90616203856658,2.8276781731388216
MONDO:0015152,MONDO,15.853749999999929,2.824573183966143
GO:0032259,GO,15.807247745949764,2.821810206826578
EMAPA:19290,EMAPA,15.773320182135038,2.8197895396698156
UBERON:0002328,UBERON,15.767200654050091,2.819424636084523
UBERON:0015869,UBERON,15.751520711053566,2.8184890428696447
MP:0002135,MP,15.749921503650016,2.8183935719108417
HGNC:1748,HGNC,15.727146897342047,2.8170329623408135
EMAPA:16092,EMAPA,15.688124833047937,2.8146973786383924
EMAPA:32660,EMAPA,15.642603761606564,2.811965899210048
GO:0004888,GO,15.641424383398236,2.811895031693431
CL:0000115,CL,15.632083620367387,2.81133357822269
HP:0000750,HP,15.552241530077698,2.8065215325357675
ZFA:0000051,ZFA,15.546517569805406,2.8061756609390667
MP:0001698,MP,15.526296093583214,2.804952814951552
MP:0011085,MP,15.506364276596608,2.803746020271243
UBERON:0001383,UBERON,15.49914533039025,2.8033085814067973
MP:0000745,MP,15.471003982857525,2.801601500610814
GO:0016746,GO,15.428990356521505,2.799047478944997
UBERON:0002082,UBERON,15.409772022613836,2.7978770124164556
UBERON:0000014,UBERON,15.407996392434528,2.797768800903803
UBERON:0002298,UBERON,15.398339317998852,2.797180068605271
UBERON:0000006,UBERON,15.34638927992358,2.794007033806302
HGNC:7610,HGNC,15.337864191214678,2.7934853704365232
MP:0001325,MP,15.333293615713616,2.7932055777485574
ZFA:0000112,ZFA,15.32473612680921,2.792681511283573
GO:0007606,GO,15.275097405294696,2.789636173041067
MP:0001417,MP,15.156929852941966,2.7823490506959865
EMAPA:16853,EMAPA,15.117607174206832,2.7799122877357854
UBERON:0001739,UBERON,15.11687709137551,2.7798669894877706
FYPO:0009043,FYPO,15.11636854798646,2.779835435520492
GO:0051015,GO,15.025465110966016,2.7741790264707857
FYPO:0009038,FYPO,14.987783708987946,2.7718249124230643
FBBT:00001102,FBBT,14.981114389515804,2.771407674422033
GO:0005975,GO,14.976994844773664,2.771149865379905
GO:0051301,GO,14.921634796683788,2.7676788633780673
HGNC:7329,HGNC,14.912173864821412,2.767084468139877
MGI:98834,MGI,14.905842132270408,2.766686471442964
GO:0045892,GO,14.89247503822846,2.765845729163576
GO:0000977,GO,14.848492309464252,2.7630743733675867
GO:0006886,GO,14.836580865289449,2.762322508622302
ZFIN:ZDB-GENE-030113-2,ZFIN,14.830780695431192,2.761956190139343
UBERON:0001052,UBERON,14.822158909415512,2.76141142012199
ZFA:0005145,ZFA,14.82120611595185,2.7613511993797784
HGNC:11055,HGNC,14.668527480632902,2.7516540813482613
GO:0006397,GO,14.63665837165697,2.7496180531875907
UBERON:0004573,UBERON,14.614987732829212,2.7482312051330178
EMAPA:16665,EMAPA,14.607542980764626,2.747754321803222
EMAPA:17068,EMAPA,14.465896027815209,2.7386373435349443
UBERON:0002046,UBERON,14.454897323739957,2.737925931999407
GO:0003682,GO,14.45451906546872,2.737901456721939
UBERON:0002072,UBERON,14.41366841097591,2.7352546749261437
MP:0009142,MP,14.410324668492128,2.735037717798735
HP:0012372,HP,14.389156869245848,2.733663162025566
MONDO:0005147,MONDO,14.322518016894984,2.729323512222709
UBERON:0002115,UBERON,14.262990479693274,2.725430975182104
GO:0020037,GO,14.244430541998415,2.7242142259871156
UBERON:0001987,UBERON,14.224057950111826,2.722876936483702
FBBT:00003154,FBBT,14.164490970879996,2.7189565745290545
UBERON:0001728,UBERON,14.159510110847767,2.71862806510422
ZFA:0001056,ZFA,14.121300821545034,2.7161044002217136
MONDO:0001386,MONDO,14.054994873276812,2.711709821400714
HP:0003593,HP,14.037395337952107,2.7105401212068907
HP:0001627,HP,14.016849209358025,2.709172851318437
EMAPA:16795,EMAPA,13.96361208257263,2.7056213927719517
MP:0000371,MP,13.95188803192264,2.7048375816235266
UBERON:0003100,UBERON,13.933760239617015,2.7036244378185694
ZFIN:ZDB-GENE-050510-2,ZFIN,13.876796777389128,2.6998027358942087
EMAPA:29915,EMAPA,13.863955320361724,2.6989391761709562
GO:0010468,GO,13.832154235745966,2.696797407619618
ZFIN:ZDB-GENE-070622-3,ZFIN,13.820048145886886,2.69598086857298
ZFA:0001161,ZFA,13.793651780568409,2.6941981550062986
MONDO:0100437,MONDO,13.792499999999944,2.6941202955687085
EMAPA:16246,EMAPA,13.770456978912897,2.6926290357337863
HGNC:12932,HGNC,13.76015474058316,2.6919313028967187
GO:0007166,GO,13.72991622752598,2.6898805432571433
UBERON:0016538,UBERON,13.70241678669974,2.6880118875297843
UBERON:0001886,UBERON,13.611403872669548,2.6818023109936084
EMAPA:31858,EMAPA,13.5695686080195,2.678935011534018
UBERON:0001158,UBERON,13.564831074608984,2.6786097923083685
GO:0006281,GO,13.559104284871342,2.678216521979976
HGNC:795,HGNC,13.530831091087776,2.6762726742318947
HP:0000365,HP,13.523216670584812,2.675748518648497
GO:0030414,GO,13.509693800581289,2.674816964025692
UBERON:0003309,UBERON,13.484547599876388,2.6730823984157555
ZFIN:ZDB-GENE-030616-413,ZFIN,13.481996169337036,2.6729062344545818
UBERON:0006469,UBERON,13.47427167640918,2.672372706228345
GO:0043161,GO,13.459070893254747,2.671321961087759
HP:0001508,HP,13.444710950863206,2.6703283233935315
GO:0006915,GO,13.398073919961847,2.6670944420776777
HGNC:17098,HGNC,13.39183738934405,2.666661197900692
UBERON:0001732,UBERON,13.36685323721368,2.6649236947062507
GO:0008017,GO,13.353307601254476,2.66398041050671
UBERON:0002810,UBERON,13.3348791315347,2.662695667596591
HP:0004324,HP,13.317301749511175,2.6614687184647545
MP:0002833,MP,13.286306031057263,2.659301458248912
MONDO:0007254,MONDO,13.28250000000002,2.659035011616482
HGNC:10294,HGNC,13.247505720020197,2.6565818542022974
MP:0010052,MP,13.247105429162858,2.656553758303373
NCBIGENE:2868024,NCBIGENE,13.218362093142265,2.6545342344176577
EMAPA:32665,EMAPA,13.190600946250754,2.6525798402576513
GO:0008236,GO,13.134152503559983,2.6485940320477233
MONDO:0010305,MONDO,13.130969960564247,2.6483688398156198
HGNC:3097,HGNC,13.10541504161266,2.6465587691619676
GO:0004725,GO,13.09364790679797,2.645724192813156
MP:0005178,MP,13.054217404687993,2.642922521889578
EMAPA:17751,EMAPA,13.038871663483445,2.6418300295193995
UBERON:0002110,UBERON,13.009712261380626,2.6397508220495425
HP:0003074,HP,12.993203129473184,2.6385717209745505
EMAPA:17550,EMAPA,12.899429137283096,2.631847770033072
EMAPA:36046,EMAPA,12.809825104591395,2.6253803029377765
UBERON:0002507,UBERON,12.789376358625685,2.623898466607489
UBERON:0002367,UBERON,12.758229743322614,2.621637171853961
GO:0005506,GO,12.73067933032038,2.6196326963650978
GO:0005198,GO,12.725918045106786,2.6192858736910267
UBERON:0001225,UBERON,12.721005508147048,2.6189279073781417
GO:0006897,GO,12.6649277762542,2.614832534057187
MP:0000063,MP,12.663273430819242,2.6147114616584264
UBERON:0001044,UBERON,12.641788662776571,2.6131377774526987
MP:0000702,MP,12.6300455423916,2.6122765870375324
DDPHENO:0000142,DDPHENO,12.580275657046997,2.608618420676153
MP:0005560,MP,12.564156821024968,2.6074307857584103
UBERON:0001296,UBERON,12.5427093539509,2.6058483474631684
ZFA:0000150,ZFA,12.523583370916004,2.604435077724847
HGNC:7577,HGNC,12.505940157048174,2.603129600300851
UBERON:0001233,UBERON,12.43851186878832,2.5981246049161553
MP:0004738,MP,12.426110589924262,2.597201362479825
UBERON:0035827,UBERON,12.378364743548808,2.5936388307548675
GO:0043066,GO,12.367899430950908,2.59285626814622
FBBT:00001060,FBBT,12.341674382819807,2.5908925485645184
EMAPA:32834,EMAPA,12.312950642777697,2.5887372939973803
MP:0000274,MP,12.290554004600716,2.587053557680306
WBBT:0005813,WBBT,12.289158703410337,2.5869485677425295
UBERON:0001509,UBERON,12.27964868679012,2.5862326893903935
MP:0002941,MP,12.276819005215067,2.58601958261591
GO:0019901,GO,12.265254170787372,2.5851481484153584
MONDO:0005021,MONDO,12.25361602234955,2.584270422546931
GO:0098609,GO,12.219175334654269,2.5816684523457667
WBPHENOTYPE:0000057,WBPHENOTYPE,12.193960018330978,2.5797591505043624
HP:0000486,HP,12.192024844471302,2.579612468553834
MONDO:0007783,MONDO,12.187949680431696,2.579303509645009
EMAPA:17569,EMAPA,12.168632262538983,2.57783765785941
EMAPA:16748,EMAPA,12.159505869139863,2.5771443772545295
UBERON:0007625,UBERON,12.151523811170186,2.5765376310867403
MP:0001297,MP,12.12041849486655,2.574169680481814
UBERON:0001043,UBERON,12.118802736786446,2.5740465245338626
EMAPA:16659,EMAPA,12.115005130229694,2.57375700449144
HP:0011463,HP,12.078086755724325,2.570938062832047
UBERON:0002119,UBERON,12.073081463162966,2.570555265965721
HGNC:132,HGNC,12.071081510758978,2.5704022717841988
GO:0000398,GO,12.068282350365529,2.570188099747035
MP:0010025,MP,12.03837827960297,2.5678971837034097
HP:0001397,HP,12.033563021246623,2.567527801281477
HGNC:6990,HGNC,12.016615204101466,2.5662266340196136
GO:0042742,GO,11.987883221345484,2.564016862927117
UBERON:0001477,UBERON,11.98481108547568,2.563780296335462
GO:0016747,GO,11.96839700241468,2.562515397969609
UBERON:0001264,UBERON,11.968393225693893,2.5625151067446157
GO:0005829,GO,11.9487528382999,2.560999477585046
GO:0006457,GO,11.9271141338467,2.5593269763683266
UBERON:0002000,UBERON,11.917367858754869,2.55857275149691
MP:0010124,MP,11.896468843355816,2.5569535408226978
GO:0031267,GO,11.883490271392764,2.5559466677705145
DICTYBASE:DDB_G0283585,DICTYBASE,11.868118846025952,2.554752845114823
UBERON:0010414,UBERON,11.849768116578046,2.553325765775922
FYPO:0009087,FYPO,11.835001417429734,2.5521759247578255
HP:0001824,HP,11.7933749583291,2.5489274555535535
EMAPA:17950,EMAPA,11.79245431519116,2.5488554904725316
UBERON:0001119,UBERON,11.774702234817893,2.5474668273889947
MP:0001258,MP,11.743062138762491,2.544986977523871
HGNC:7602,HGNC,11.729785434192122,2.543944557297032
EMAPA:17778,EMAPA,11.724534118993788,2.5435319502924045
HP:0001324,HP,11.674121009042976,2.539562198673559
HP:0000969,HP,11.673017077453547,2.539475093645263
MONDO:0008315,MONDO,11.658702999620678,2.5383449627806547
HGNC:583,HGNC,11.644065869567928,2.537188003891204
MP:0004924,MP,11.63760127034886,2.536676597794115
MP:0010024,MP,11.620071552477162,2.5352885268653904
MP:0005621,MP,11.602546899286764,2.533898928394962
GO:0106310,GO,11.583476889434715,2.5323845953937463
UBERON:0001199,UBERON,11.578869668260426,2.532018395745775
EMAPA:17563,EMAPA,11.575134573872464,2.5317214176281397
MP:0001513,MP,11.563442913740408,2.5307912408127797
MP:0003961,MP,11.534142216566096,2.5284562982010215
XENBASE:XB-GENE-29079731,XENBASE,11.478443264613288,2.524002616748402
UBERON:0000331,UBERON,11.473852316400054,2.523634638720077
ZFA:0001306,ZFA,11.46597207143559,2.5230026980051656
XENBASE:XB-GENE-29087587,XENBASE,11.442612992663504,2.521127112895877
DICTYBASE:DDB_G0285133,DICTYBASE,11.433346262380578,2.520382077850871
ZFA:0000035,ZFA,11.399318827031816,2.5176415377982164
HGNC:9413,HGNC,11.338417095304727,2.512717735962903
MONDO:0005090,MONDO,11.324137863807197,2.5115597672839254
MP:0000598,MP,11.284457549471542,2.508334849481087
HGNC:6342,HGNC,11.267260532300911,2.5069339682942196
UBERON:0001374,UBERON,11.259968859249588,2.5063393904762576
MP:0011101,MP,11.244167835642262,2.5050497285718922
EMAPA:17458,EMAPA,11.230547823317934,2.5039367420988246
EMAPA:16194,EMAPA,11.22882429699312,2.5037958123710142
GO:0046982,GO,11.22273913490145,2.5032980804174523
CL:0002079,CL,11.160228794264372,2.498170691678809
MONDO:0005359,MONDO,11.140587292352064,2.496554161096501
UBERON:0002199,UBERON,11.136176117949848,2.4961907539671233
ZFIN:ZDB-GENE-010308-21,ZFIN,11.135732658178387,2.4961542129784764
CL:0002328,CL,11.131922605104648,2.4958402104047868
GO:0005102,GO,11.099050004821462,2.493126937522241
GO:0042302,GO,11.081313571943555,2.49165992599427
GO:0008380,GO,11.080506881160172,2.491593151987299
GO:0004497,GO,11.072229196046608,2.4909077070413352
UBERON:0013540,UBERON,11.062226185551228,2.490078766764042
EMAPA:16193,EMAPA,11.057926300063537,2.4897222279290734
ZFA:0000088,ZFA,11.046286265811222,2.4887564187266107
UBERON:0003126,UBERON,11.029557787108203,2.4873667701345767
ZFA:0001135,ZFA,11.001116418186136,2.4849996803093717
EMAPA:16405,EMAPA,10.997193746369271,2.4846727679705527
MONDO:0017623,MONDO,10.987499999999972,2.483864440209554
EMAPA:32764,EMAPA,10.983048399655337,2.4834930177187884
HGNC:3603,HGNC,10.982274639068784,2.4834284443695727
HP:0007663,HP,10.964707926321717,2.481961310391411
HGNC:12726,HGNC,10.952042377179575,2.4809021739982633
UBERON:0013554,UBERON,10.945300956482203,2.4803379756451602
EMAPA:17597,EMAPA,10.932104070300335,2.479232588563874
UBERON:0008188,UBERON,10.920477054290728,2.4782576821694864
EMAPA:17412,EMAPA,10.860339747628943,2.4732000396709912
UBERON:0001103,UBERON,10.832437121624915,2.470844668744418
EMAPA:32704,EMAPA,10.828306612672268,2.470495524267728
HGNC:5241,HGNC,10.825101712049976,2.470224535782863
MONDO:0010726,MONDO,10.819784680894095,2.4697747953056077
MONDO:0100368,MONDO,10.796249999999974,2.4677816843534037
EMAPA:19157,EMAPA,10.761497328007644,2.4648312581756664
HP:0001270,HP,10.756960386167922,2.4644454384972554
MONDO:0005045,MONDO,10.756381314432526,2.4643961837598485
MONDO:0010119,MONDO,10.753749999999965,2.4641723386091465
GO:0030674,GO,10.749472363852345,2.4638083343778434
XENBASE:XB-GENE-29077947,XENBASE,10.704472586959996,2.459971041145979
GO:0030036,GO,10.70207310209926,2.4597660143213447
HP:0000347,HP,10.69104041312785,2.4588227717912545
GO:0042803,GO,10.686582463532469,2.458441385739051
GO:0009617,GO,10.677120536949957,2.4576314176359975
UBERON:0001511,UBERON,10.673474409373272,2.4573191234426632
UBERON:0002081,UBERON,10.61514899651162,2.4523101940791068
FYPO:0002693,FYPO,10.584521551503922,2.449669858067675
EMAPA:17214,EMAPA,10.56808014940856,2.4482495939374065
HGNC:2514,HGNC,10.567798130679009,2.4482252145967003
HP:0001260,HP,10.556286109422064,2.4472295408144684
GO:0006511,GO,10.542737826475316,2.4460564796030537
GO:0007264,GO,10.533568938090516,2.445261821345054
EMAPA:18681,EMAPA,10.46812597615684,2.439571532976209
GO:0008528,GO,10.46287565625638,2.4391136096742643
UBERON:0001416,UBERON,10.42995300767488,2.4362373664837342
GO:0007601,GO,10.429815817542186,2.4362253637260736
GO:0007156,GO,10.415096021612529,2.434936691826583
FYPO:0009086,FYPO,10.40962617657162,2.4344574005477564
XENBASE:XB-GENE-29079235,XENBASE,10.409479321566025,2.434444529315305
HGNC:4851,HGNC,10.406988529410906,2.4342261964706875
GO:0004721,GO,10.403405514043095,2.4339120400917618
EMAPA:16727,EMAPA,10.402577925233558,2.433839463628475
EMAPA:19155,EMAPA,10.382105153791771,2.432042398742348
GO:0016829,GO,10.376978542666608,2.431591887528431
FYPO:0009085,FYPO,10.374617819901092,2.431384366022127
HP:0002240,HP,10.352072162506971,2.429400296647524
ZFA:0001678,ZFA,10.335070868164,2.4279015360938074
HP:0000505,HP,10.319216650007744,2.4265018698512186
GO:0051321,GO,10.315311690035696,2.426156825328786
UBERON:0019143,UBERON,10.306867583079974,2.425410291827663
EMAPA:16798,EMAPA,10.287997861592292,2.4237400251096988
GO:0007010,GO,10.270729537784714,2.4222090586793024
FYPO:0003383,FYPO,10.269965862213512,2.422141298962227
EMAPA:35689,EMAPA,10.253247795327848,2.4206567799046783
EMAPA:32870,EMAPA,10.252531276532157,2.420593105699609
MP:0001922,MP,10.250200350055666,2.4203859373856895
UBERON:0006911,UBERON,10.244558495466237,2.4198843223431394
MP:0002687,MP,10.191387192356206,2.415144481785869
GO:0019953,GO,10.172758646583656,2.413478551844698
ZFA:0000077,ZFA,10.171713427527358,2.4133849967986363
GO:0004842,GO,10.161886819801486,2.4125050125371494
GO:0000976,GO,10.1508092236879,2.4115120713881155
HP:0001511,HP,10.14376950014544,2.4108805525006205
UBERON:0001378,UBERON,10.1422864879259,2.4107474637008326
REACTOME:R-SPO-418594,REACTOME,10.130236503643566,2.409665414265966
MONDO:0011122,MONDO,10.124750000000011,2.4091723558896954
WBBT:0006759,WBBT,10.119058286027675,2.4086605987280287
ZFA:0000024,ZFA,10.117900427540446,2.4085564605225134
EMAPA:17331,EMAPA,10.100564938804164,2.4069960024109247
HGNC:5238,HGNC,10.098484238558324,2.406808543908958
UBERON:0002771,UBERON,10.091653106384149,2.4061928530474033
GO:0016874,GO,10.090788020074676,2.4061148556525285
UBERON:0001801,UBERON,10.084902320297523,2.4055840311483063
GO:0009653,GO,10.079535825331668,2.405099787420993
MP:0013293,MP,10.075159068430136,2.4047046786659902
MONDO:0005148,MONDO,10.070074512661778,2.4042454777423163
GO:0016853,GO,10.068445517409186,2.4040983138620464
MP:0001935,MP,10.064194739468451,2.403714195388727
UBERON:0000947,UBERON,10.06277239311752,2.4035856331375727
HP:0000517,HP,10.048832604379404,2.402324775720263
EMAPA:36042,EMAPA,10.027421268552729,2.400385013416062
FBBT:10005329,FBBT,10.020874796715963,2.399791183216235
MP:0011089,MP,10.01299121943523,2.3990755958915813
GO:0005615,GO,9.982887360405543,2.396338366940592
UBERON:0034908,UBERON,9.971833927793638,2.3953314369594976
FYPO:0007931,FYPO,9.970568096443849,2.3952160593130762
EMAPA:17381,EMAPA,9.953259740896128,2.3936371051931946
MP:0000585,MP,9.952458992650476,2.3935639965902995
CL:0000842,CL,9.945218688356922,2.392902711438251
MONDO:0021060,MONDO,9.93562499999999,2.3920258084167463
EMAPA:18425,EMAPA,9.91106960357449,2.389777833863914
GO:0003713,GO,9.90274754731822,2.3890148260324606
GO:0008061,GO,9.871756510871863,2.3861682806149607
MP:0001488,MP,9.864424869887372,2.3854936781046017
EMAPA:18215,EMAPA,9.85775833556287,2.3848798784261116
MP:0000219,MP,9.841655604754704,2.3833957154152303
MP:0001556,MP,9.836961554512405,2.3829626573210563
GO:0051260,GO,9.83356183279529,2.38264889270317
UBERON:0001000,UBERON,9.825728618859149,2.381925580524949
EMAPA:19287,EMAPA,9.820334686879884,2.3814272051839254
UBERON:0001255,UBERON,9.765333583571788,2.37633111812737
GO:0008237,GO,9.739901461594318,2.3739659141405207
UBERON:0002512,UBERON,9.725484065564656,2.372622598113941
HP:0001288,HP,9.717863152082243,2.3719118029450783
MGI:1856464,MGI,9.69027816828068,2.369334746053005
FYPO:0007924,FYPO,9.678564806088458,2.368238443049661
UBERON:0001120,UBERON,9.673232392187948,2.3677389615341844
MP:0005179,MP,9.663852084686832,2.3668597122519692
GO:0010628,GO,9.656773308954364,2.366195681449694
UBERON:0002383,UBERON,9.655496637782568,2.3660758752369806
GO:0006935,GO,9.64650058723113,2.3652312548015146
UBERON:0002118,UBERON,9.641046158685072,2.364718802264778
EMAPA:17571,EMAPA,9.60991526130638,2.361788965912224
HP:0003621,HP,9.590567054266906,2.3599637043806094
UBERON:0001234,UBERON,9.583846635185823,2.3593289364568975
UBERON:0001371,UBERON,9.58279532569338,2.3592296000108752
HGNC:10420,HGNC,9.577504602055356,2.3587295386916747
EMAPA:18984,EMAPA,9.57486322411176,2.3584797909585573
HGNC:11364,HGNC,9.563271054746028,2.3573829892848717
MP:0011094,MP,9.563249843809652,2.357380981293449
EMAPA:16913,EMAPA,9.553167694017146,2.356426070211532
MONDO:0007915,MONDO,9.55029647427926,2.3561539613546447
REACTOME:R-BTA-381753,REACTOME,9.545069174704755,2.3556583738622567
UBERON:0007358,UBERON,9.542534600166288,2.355417988602961
MP:0005017,MP,9.539462607826293,2.3551265558386523
HGNC:3467,HGNC,9.515441619422663,2.3528448072668016
EMAPA:17524,EMAPA,9.509261646791977,2.3522569299749874
FYPO:0000764,FYPO,9.49980215952982,2.351356415036425
UBERON:0000399,UBERON,9.487688090520914,2.3502020063663167
HP:0001257,HP,9.479499857093217,2.3494209541942834
GO:0016705,GO,9.458120053538488,2.3473787152887358
GO:0002576,GO,9.453081702475393,2.346896834694844
EMAPA:17529,EMAPA,9.44550903609397,2.346172128727099
GO:0005216,GO,9.436738141641392,2.3453320950953067
FYPO:0000245,FYPO,9.428058372326293,2.344500093708666
GO:0006954,GO,9.40867984811386,2.342640058841936
HGNC:10301,HGNC,9.399019140121402,2.341711488249669
MP:0001730,MP,9.39749631040678,2.3415650377809865
ZFIN:ZDB-GENE-040514-2,ZFIN,9.39358495007506,2.34118878410482
FYPO:0001719,FYPO,9.39048000975657,2.340890003250585
GO:0006364,GO,9.38585972482471,2.340445239151899
EMAPA:18692,EMAPA,9.37668308468852,2.3395612779899233
HGNC:2928,HGNC,9.376582416937534,2.339551576600908
UBERON:0001375,UBERON,9.369572873710808,2.3388758327442507
MP:0000221,MP,9.344917477426222,2.3364953341165084
MP:0004852,MP,9.342985421166812,2.336308552858447
UBERON:0010153,UBERON,9.335120025983397,2.3355478066108906
ZFA:0000563,ZFA,9.331981660969182,2.335244100258072
MP:0005292,MP,9.320187566843083,2.334101934969946
FBBT:00000444,FBBT,9.287279957291656,2.330908176446769
UBERON:0002167,UBERON,9.285229414239504,2.3307088285673334
UBERON:0007367,UBERON,9.281735665267092,2.3303690848090772
MP:0003960,MP,9.25500518385556,2.327765897019639
MP:0011967,MP,9.253656763995032,2.327634399424535
HGNC:4852,HGNC,9.243712647795052,2.3266641171624203
MONDO:0007256,MONDO,9.237119793836648,2.326020309914359
HP:0000369,HP,9.235601685594622,2.325872004448832
EMAPA:18590,EMAPA,9.225969742730513,2.3249305377966447
MP:0013279,MP,9.225148335706876,2.3248502089832344
MP:0005343,MP,9.2136214064215,2.323722261396083
HGNC:5391,HGNC,9.200979663889116,2.322483761157479
UBERON:0000002,UBERON,9.196001375437977,2.321995621413622
HP:0000286,HP,9.183756985729726,2.3207939986107844
HP:0011968,HP,9.169141759311628,2.3193578170512614
HGNC:13557,HGNC,9.169101932049232,2.3193539005614205
GO:0005783,GO,9.151882207623316,2.317659127470789
HGNC:6893,HGNC,9.149685170691615,2.317442687340888
ZFA:0000160,ZFA,9.14439126505636,2.3169209680330796
MP:0002875,MP,9.131172362869115,2.3156170433380385
EMAPA:28747,EMAPA,9.1219075316253,2.3147021373643946
EMAPA:32906,EMAPA,9.108476971980572,2.313374375984926
HP:0000035,HP,9.095769435421971,2.3121164683175977
MONDO:0007739,MONDO,9.084029200327183,2.3109529050302458
EMAPA:18812,EMAPA,9.062689136043591,2.3088344386965924
UBERON:0000362,UBERON,9.05045061107046,2.307617470422374
EMAPA:32869,EMAPA,9.049504902056253,2.30752336981461
GO:0006631,GO,9.046698254010709,2.3072440485874113
UBERON:0035825,UBERON,9.033477096451689,2.30592721153407
HP:0002027,HP,9.006639022847022,2.3032487749931194
GO:0008284,GO,9.006289236824138,2.3032138189868436
FYPO:0009088,FYPO,9.001917657517513,2.3027768403610955
HP:0000027,HP,8.985967386835254,2.3011808461843657
EMAPA:16542,EMAPA,8.979173760548557,2.300500297371938
MP:0000218,MP,8.975571505093846,2.3001392548784474
HGNC:6010,HGNC,8.969387111686318,2.2995191088330675
ZFA:0000554,ZFA,8.961430425934436,2.298720678346254
UBERON:0004703,UBERON,8.954875840593699,2.2980624653734605
MP:0001552,MP,8.910890498439075,2.293634202875904
HP:0005280,HP,8.888764643744905,2.2913992282013074
GO:0006869,GO,8.873666468505373,2.289871260504294
EMAPA:17755,EMAPA,8.85580439770804,2.2880605605824638
FYPO:0003656,FYPO,8.836696258440167,2.2861199085953445
GO:0016791,GO,8.81789577568005,2.2842068199429337
MP:0001392,MP,8.814803739991794,2.283891831603062
EMAPA:17382,EMAPA,8.800229974698599,2.2824058522071646
MP:0005565,MP,8.796062408411935,2.281980509875256
HP:0000510,HP,8.790322999272329,2.281394448773688
HP:0000855,HP,8.76806408980301,2.2791182979870235
EMAPA:19252,EMAPA,8.766194397817245,2.278926871013467
EMAPA:17779,EMAPA,8.76141818198436,2.2784376954003593
MP:0001697,MP,8.759891500816858,2.2782812836436257
UBERON:0002469,UBERON,8.755991094186273,2.2778815674982216
GO:0001228,GO,8.742412107323762,2.276488736616901
MP:0002079,MP,8.740247390964413,2.2762665168148817
EMAPA:28518,EMAPA,8.738717986584845,2.2761094854373862
HGNC:10417,HGNC,8.737163888495932,2.275949893373501
ZFIN:ZDB-GENE-070806-62,ZFIN,8.733378048649138,2.275561014634869
HGNC:11411,HGNC,8.716065191236462,2.273780720795932
REACTOME:R-DDI-983168,REACTOME,8.70084096313978,2.2722125789822547
GO:0007411,GO,8.700043646659672,2.27213038515485
HP:0003577,HP,8.698921323700475,2.2720146755835233
ZFA:0000019,ZFA,8.686644627723588,2.270748094288052
ZFA:0000119,ZFA,8.661669862640583,2.2681664969126207
UBERON:0007361,UBERON,8.657669905519818,2.2677524085197542
HGNC:8101,HGNC,8.65582276521813,2.2675611287405024
EMAPA:35577,EMAPA,8.646927248897748,2.2666394448412026
MONDO:0007947,MONDO,8.646893666815942,2.2666359637182096
EMAPA:28540,EMAPA,8.638979544908027,2.2658152466819352
GO:0016477,GO,8.612123846529418,2.2630252023656467
UBERON:0000378,UBERON,8.607211049933566,2.2625139675357926
UBERON:0001911,UBERON,8.605139378906637,2.26229830719349
UBERON:0001882,UBERON,8.602859367367188,2.262060904892472
UBERON:0002185,UBERON,8.600431578155602,2.2618080535211726
EMAPA:28457,EMAPA,8.59722979146254,2.2614744934420457
UBERON:0009835,UBERON,8.589748147401732,2.2606946265485894
MP:0002792,MP,8.582856291114311,2.2599756990177613
ZFA:0000095,ZFA,8.575595816960165,2.2592177594451104
HP:0002808,HP,8.57479061336401,2.259133666771622
WBPHENOTYPE:0000688,WBPHENOTYPE,8.561765068527036,2.257772340620241
EMAPA:32837,EMAPA,8.555321174136925,2.2570981903284686
HGNC:12601,HGNC,8.544802213839077,2.2559967355213297
MP:0002675,MP,8.527007628341373,2.254130673431929
HGNC:10307,HGNC,8.526647659786631,2.254092888707755
MONDO:0007648,MONDO,8.522477635125778,2.2536550707331333
HGNC:3942,HGNC,8.517819973535113,2.2531658282034948
EMAPA:27605,EMAPA,8.488631449376134,2.250094392462455
MP:0002412,MP,8.482208618749677,2.249417265793441
EMAPA:16042,EMAPA,8.47868227883272,2.249045306482387
HP:0000716,HP,8.474614012046874,2.2486160126238532
CL:0000503,CL,8.448995655673174,2.245908456034606
HP:0025066,HP,8.44012466222009,2.2449691858138676
HGNC:10442,HGNC,8.434578059232482,2.24438145701844
XENBASE:XB-GENE-29089103,XENBASE,8.431966238578728,2.244104583773482
HP:0001744,HP,8.41521643230753,2.2423271498754347
HP:0001510,HP,8.398132222640633,2.240510969813472
XENBASE:XB-GENE-29077839,XENBASE,8.391082303718825,2.239760547890006
EMAPA:36045,EMAPA,8.39086663245738,2.2397375820878747
ZFIN:ZDB-GENE-010308-3,ZFIN,8.38612180589948,2.239232194690479
UBERON:0016632,UBERON,8.364667114816822,2.2369437895960376
FYPO:0001583,FYPO,8.356288088234521,2.2360486400643045
ZFA:0000105,ZFA,8.346159082298389,2.2349654655648274
HP:0001596,HP,8.342584117409825,2.2345828860736368
REACTOME:R-DME-212436,REACTOME,8.341415845003796,2.2344578301530738
HP:0005518,HP,8.337833952946323,2.2340743145258273
HP:0002015,HP,8.329978377442577,2.233232697326297
GO:0005200,GO,8.327215621543129,2.2329365374729133
GO:0005125,GO,8.320390503876494,2.2322045273773017
EMAPA:16895,EMAPA,8.302110513988454,2.230241311400913
UBERON:0001826,UBERON,8.295930095640875,2.2295766802491896
FBBT:00000128,FBBT,8.283497548061074,2.228238366747411
HP:0001290,HP,8.278931362035502,2.2277463852141977
HGNC:12468,HGNC,8.263989298386635,2.226134765647182
UBERON:0000979,UBERON,8.256690286822018,2.2253465643385946
GO:1902600,GO,8.253997687041753,2.225055640543319
HGNC:19194,HGNC,8.251723665079634,2.2248098763355593
MP:0001364,MP,8.24886760462729,2.2245011229088827
EMAPA:28500,EMAPA,8.24820666518679,2.2244296586944734
ZFA:0000047,ZFA,8.247753353374957,2.224380641307815
MP:0008075,MP,8.222998817104479,2.2217002359986107
HGNC:8297,HGNC,8.211380709336929,2.220439753182887
MP:0002574,MP,8.208026469614357,2.220075546047765
MP:0002451,MP,8.204471558991312,2.2196894049970837
GO:0005886,GO,8.202140844076176,2.2194361574275088
HGNC:613,HGNC,8.199159961874368,2.219112171394204
HP:0005736,HP,8.191277070018199,2.2182548897183763
MP:0005559,MP,8.184007338819791,2.217463638664412
MP:0005561,MP,8.167116047765784,2.2156227381954396
EMAPA:27621,EMAPA,8.166095796027417,2.2155114372681264
UBERON:0007365,UBERON,8.165983510632813,2.215499187114423
UBERON:0000056,UBERON,8.160182367891037,2.2148660876462642
GO:0007268,GO,8.143903441864449,2.213087366710645
GO:0003712,GO,8.140188900703453,2.212681052725515
GO:0000226,GO,8.136726573710105,2.2123021783974464
HP:0002098,HP,8.131681143070116,2.2117498116179775
MP:0005016,MP,8.11889736077306,2.2103488933528253
MONDO:0001586,MONDO,8.11875,2.2103327332889586
MP:0001914,MP,8.105945299113266,2.2089275297688356
FYPO:0000799,FYPO,8.10502762374727,2.2088267470846086
HP:0001382,HP,8.103122193494892,2.208617452864333
HP:0000218,HP,8.084892788251597,2.206612900815552
GO:0017070,GO,8.08370317256568,2.2064819478580224
GO:0016798,GO,8.069329726973223,2.204898361393353
GO:0008234,GO,8.06578533963559,2.2045074747218605
HP:0003330,HP,8.064487310779846,2.204364285605735
MONDO:0018493,MONDO,8.059077931630808,2.2037673413249252
UBERON:0001625,UBERON,8.052142744160008,2.2030014969973766
HGNC:10332,HGNC,8.048314725851144,2.202578522233089
EMAPA:19143,EMAPA,8.039018940029786,2.2015506441819053
MP:0005389,MP,8.037537612761849,2.2013867493309225
UBERON:0001323,UBERON,8.037424508991931,2.2013742343647325
XENBASE:XB-GENE-29087575,XENBASE,8.028724732502734,2.2004111318191515
EMAPA:18601,EMAPA,8.00964310302472,2.1982954596286786
GO:0060271,GO,8.006233667755648,2.1979169673295633
EMAPA:28533,EMAPA,8.005809748959784,2.197869896735058
MONDO:0005083,MONDO,8.00267277609441,2.1975215083694377
MONDO:0005180,MONDO,7.994147469237281,2.1965740846158397
MP:0000186,MP,7.981527975777922,2.195170021044362
UBERON:0002661,UBERON,7.968812414430738,2.1937532720359716
GO:0005516,GO,7.95081172690847,2.191744223918117
HP:0011001,HP,7.940440059382869,2.1905848116185953
HGNC:10401,HGNC,7.938584236879027,2.190377213879507
EMAPA:16688,EMAPA,7.927076777598959,2.1890889927650297
MP:0005562,MP,7.926724694864946,2.1890495521187785
EMAPA:28527,EMAPA,7.924775374383444,2.188831159212671
GO:0007507,GO,7.921124613777314,2.1884220164225088
ZFA:0001115,ZFA,7.914577859743764,2.1876878985107204
GO:0007015,GO,7.897354724272088,2.1857540105669835
MP:0010123,MP,7.892388816312402,2.1851957216768327
MP:0010097,MP,7.8883323529718,2.184739445086884
HGNC:3546,HGNC,7.875873232973362,2.1833367229689626
MP:0000208,MP,7.869905454343502,2.182664137227871
HGNC:6407,HGNC,7.853919117389492,2.1808601991190812
GO:0001525,GO,7.843158319656034,2.179644088820876
EMAPA:17759,EMAPA,7.838641238916757,2.1791331588306817
HP:0000739,HP,7.830612741078982,2.1782244053089563
HGNC:9832,HGNC,7.829270048734918,2.17807234401131
HGNC:10317,HGNC,7.818976116255559,2.1769057766877897
FYPO:0000104,FYPO,7.816729641731595,2.1766510123401708
HGNC:10404,HGNC,7.804955955660994,2.1753147397392922
EMAPA:30901,EMAPA,7.790823905225421,2.1737084394120627
HGNC:6973,HGNC,7.767259207845538,2.171024238480032
GO:0007605,GO,7.76343674184864,2.1705881501389364
UBERON:0002247,UBERON,7.761576526882299,2.1703758575780348
EMAPA:17558,EMAPA,7.756717314090482,2.1698210988828612
FYPO:0000830,FYPO,7.752978673701462,2.1693940622914276
UBERON:0001831,UBERON,7.750736149286101,2.1691378281776625
FBBT:00005630,FBBT,7.717610377368979,2.165345161072712
MP:0008079,MP,7.710417626635933,2.1645197376639618
HP:0000662,HP,7.70008837459103,2.163333183607915
GO:0030198,GO,7.697680008419606,2.1630563244000225
MP:0001923,MP,7.662251733348388,2.158974704174396
GO:0002181,GO,7.657512022996928,2.1584273860312093
GO:0004222,GO,7.645746727821003,2.157067492249524
HP:0011462,HP,7.642614580134101,2.156705150479199
GO:0030587,GO,7.626504887780213,2.154839427440237
HGNC:29079,HGNC,7.622263600302946,2.154347648845646
EMAPA:26720,EMAPA,7.622174838130436,2.1543373542601976
EMAPA:32712,EMAPA,7.620943354441885,2.154194516558003
HGNC:27962,HGNC,7.612513519586755,2.1532162061018836
FBBT:00005744,FBBT,7.61102473603535,2.153043328318815
HGNC:11283,HGNC,7.60091920087312,2.1518690813702492
UBERON:0001385,UBERON,7.591683440557516,2.150794693577239
GO:0006914,GO,7.584671320029056,2.14997820823844
HGNC:4388,HGNC,7.56593400495108,2.147793174861736
HGNC:10410,HGNC,7.56433157831533,2.1476060876700473
HGNC:3236,HGNC,7.562004044354261,2.1473342800835704
MP:0011099,MP,7.557193898123219,2.1467723207705474
HGNC:6636,HGNC,7.5567892748120835,2.1467250350735685
MONDO:0100488,MONDO,7.552999968710335,2.146282094940318
EMAPA:16255,EMAPA,7.551031941926277,2.1460519706277554
MP:0005419,MP,7.539961842027872,2.1447565396438772
FYPO:0000088,FYPO,7.537495530636318,2.1444677013988294
HGNC:16262,HGNC,7.527266602356558,2.1432688649397993
EMAPA:18765,EMAPA,7.525883411661311,2.143106643802104
MP:0002874,MP,7.522586925942057,2.142719924560429
HGNC:4136,HGNC,7.521210100006811,2.1425583612730765
HP:0000238,HP,7.512773298162319,2.141567776471252
EMAPA:17576,EMAPA,7.507897670374963,2.1409948698062062
GO:0007276,GO,7.499796987868933,2.140042279430923
UBERON:0006920,UBERON,7.498122628689456,2.1398452718885106
ZFA:0000041,ZFA,7.496134105139265,2.1396112488782184
EMAPA:17952,EMAPA,7.489862019001912,2.138872748012379
MP:0020870,MP,7.477541309685408,2.1374204678675253
HP:0001419,HP,7.476413782774626,2.1372874573804386
HGNC:6018,HGNC,7.4718486512455184,2.1367487435556693
HP:0008669,HP,7.449581083564169,2.1341168642305908
HGNC:4399,HGNC,7.448198243694216,2.133953193034955
GO:0007420,GO,7.448177907460174,2.1339507858638718
EMAPA:16104,EMAPA,7.423498070055399,2.1310251897297605
UBERON:0001304,UBERON,7.413666387274414,2.1298573346644565
MP:0001363,MP,7.410244097956563,2.129450498290944
EMAPA:27697,EMAPA,7.406607061715817,2.1290179516431893
HGNC:17642,HGNC,7.39432057329452,2.1275553549487123
MP:0011088,MP,7.393729811841474,2.127484976144773
HP:0003236,HP,7.393456300931394,2.127452390468023
MONDO:0018677,MONDO,7.390258215482824,2.1270712965827396
GO:0007218,GO,7.380588902573133,2.1259181867948995
MP:0002644,MP,7.3673287873858415,2.1243346922729502
MP:0001529,MP,7.343897653019768,2.121530451686016
UBERON:0000403,UBERON,7.33477185968025,2.1204361444640574
EMAPA:17383,EMAPA,7.33279300098808,2.1201986942164646
WBPHENOTYPE:0000116,WBPHENOTYPE,7.326117411803056,2.1193972504993273
ZFA:0000132,ZFA,7.318831678444176,2.1185218217089266
HP:0007018,HP,7.308139519473936,2.1172356992616326
UBERON:0004263,UBERON,7.304695017934863,2.1168210196859496
HP:0003581,HP,7.303140816113551,2.1166338548028936
HGNC:6554,HGNC,7.295876707077737,2.115758609085562
UBERON:0004511,UBERON,7.295300934538321,2.115689202012468
FBBT:00000462,FBBT,7.29510455025936,2.115665527572545
GO:0006952,GO,7.293873125586319,2.115517064575082
HGNC:3418,HGNC,7.265168405190275,2.1120501067690083
XENBASE:XB-GENE-29091991,XENBASE,7.2591076066867455,2.1113165437649823
XENBASE:XB-GENE-29089847,XENBASE,7.252772895352749,2.110549252402378
XENBASE:XB-GENE-29089787,XENBASE,7.228749397955652,2.1076340466364227
UBERON:0003101,UBERON,7.226236766537706,2.107328652099793
HP:0031936,HP,7.215631866757475,2.1060386647525693
HGNC:1787,HGNC,7.205027317401204,2.104747053896805
HGNC:13733,HGNC,7.201819820659184,2.1043560589962134
HGNC:5258,HGNC,7.200598212348349,2.1042071043346953
MP:0002727,MP,7.2004167626211615,2.1041849776885733
HGNC:4141,HGNC,7.1991344931407655,2.1040285990824747
GO:0000287,GO,7.194688244330368,2.103486169291618
HGNC:1736,HGNC,7.185825160890195,2.102404019534056
ZFA:0001109,ZFA,7.182433048570842,2.101989545089127
HGNC:391,HGNC,7.180305546960279,2.1017295028461818
HGNC:23168,HGNC,7.1659067336746345,2.0999677715334384
HGNC:9187,HGNC,7.164793472811035,2.099831431896895
EMAPA:16979,EMAPA,7.161546460662368,2.099433668257928
HGNC:1678,HGNC,7.159148310090264,2.099139789765247
EMAPA:16041,EMAPA,7.158890494783304,2.0991081909548677
EMAPA:17362,EMAPA,7.158668005177142,2.0990809209921246
XENBASE:XB-GENE-29077979,XENBASE,7.157209973162322,2.098902195456099
MONDO:0005129,MONDO,7.156062209222522,2.0987614801012815
GO:0006816,GO,7.155349968811062,2.0986741497825894
HGNC:10440,HGNC,7.149924955968785,2.098008719353788
FYPO:0001453,FYPO,7.135550353653377,2.09624339095223
HGNC:9831,HGNC,7.13138609623968,2.095731400570084
GO:0050839,GO,7.126944719444538,2.095185049661621
MONDO:0005027,MONDO,7.125509079051711,2.095008382136291
HGNC:9065,HGNC,7.121711883327101,2.094540955023366
HGNC:9884,HGNC,7.1163580095215275,2.093881532563073
FBBT:00005747,FBBT,7.108773314298149,2.0929466007434794
HP:0000648,HP,7.1072071830385495,2.0927534417464364
UBERON:0005030,UBERON,7.103119310143561,2.092249087564136
HP:0012443,HP,7.098350744881652,2.091660429203702
MP:0001577,MP,7.092501492877538,2.090937891294926
UBERON:0007023,UBERON,7.092425716581983,2.0909285274844405
ZFA:0000048,ZFA,7.0914091480500865,2.0908028998391095
HGNC:5962,HGNC,7.090817063571908,2.0907297227038133
HGNC:10327,HGNC,7.089818863882707,2.0906063406939905
GO:0044877,GO,7.089793407267887,2.0906031939418446
FBBT:00000127,FBBT,7.089467267536835,2.0905628781650423
GO:0050829,GO,7.076696291667877,2.088982914127334
GO:0070588,GO,7.069536212374714,2.088096010044823
MONDO:0008903,MONDO,7.068925531536018,2.0880203298655493
EMAPA:36044,EMAPA,7.06543957956337,2.087588214687433
EMAPA:32730,EMAPA,7.064543306801439,2.0874770834148
HGNC:11892,HGNC,7.057607674138791,2.0866166978373797
MP:0005553,MP,7.0506098409515,2.0857478452010207
REACTOME:R-SCE-416476,REACTOME,7.034247937433247,2.0837133964807206
HP:0002013,HP,7.027288391758866,2.082846786217879
GO:0008033,GO,7.019622178847551,2.0818913108993358
UBERON:0000458,UBERON,7.0183864048779165,2.08173720523645
HGNC:10386,HGNC,7.012189673176349,2.0809640911599443
GO:0010629,GO,7.008091940363898,2.0804525230114352
HGNC:2738,HGNC,6.996479575626091,2.079001391781341
ZFA:0001679,ZFA,6.996127629357448,2.0789573781612742
GO:0006888,GO,6.987508017706799,2.0778788234849084
HGNC:3597,HGNC,6.980522021063236,2.0770038254955105
HGNC:270,HGNC,6.979232701492723,2.076842254143603
UBERON:0002436,UBERON,6.978150057722245,2.076706562246194
FBBT:00005542,FBBT,6.9777214957570735,2.0766528438436818
MP:0005018,MP,6.97008804195952,2.075695539411062
UBERON:0002198,UBERON,6.9667668363040125,2.075278743784954
GO:0042254,GO,6.950091599704947,2.073183450575328
HGNC:1722,HGNC,6.949296516981144,2.0730834363208634
GO:0004518,GO,6.944726395475278,2.072508362073521
HGNC:6481,HGNC,6.944065999173432,2.0724252347614103
UBERON:0004720,UBERON,6.938038089991569,2.0716661527861926
MONDO:0008965,MONDO,6.928369722339916,2.0704474309478664
EMAPA:16911,EMAPA,6.926648117580978,2.070230262505284
UBERON:0006631,UBERON,6.925737166627041,2.0701153333083706
MP:0010067,MP,6.925006486661436,2.070023138269184
EMAPA:18852,EMAPA,6.923121534889934,2.0697852613694234
GO:1990837,GO,6.922491040507998,2.069705681690283
CL:0000015,CL,6.92052805549025,2.069457877276755
ZFA:0001185,ZFA,6.914845570197567,2.068740182112635
FBBT:00001878,FBBT,6.908253106796518,2.0679069112196102
FYPO:0000763,FYPO,6.907820055365757,2.067852150290468
GO:0006887,GO,6.895588813093205,2.066304225432407
EMAPA:16164,EMAPA,6.894843534529869,2.0662098292122804
FYPO:0000096,FYPO,6.893080680525465,2.065986512456041
FYPO:0000089,FYPO,6.8924150162364395,2.06590217373115
EMAPA:17680,EMAPA,6.891365862835495,2.0657692330358213
UBERON:0000051,UBERON,6.887362606509408,2.065261808572594
HGNC:6502,HGNC,6.882559990516555,2.0646527230033045
HGNC:5253,HGNC,6.875359660772546,2.063738854878011
HGNC:10441,HGNC,6.868073621913066,2.062813257614843
HGNC:5992,HGNC,6.8661431438481735,2.0625678716381124
HGNC:11280,HGNC,6.8641688249460495,2.06231685068997
HGNC:10396,HGNC,6.859856708734399,2.0617683758340224
MP:0001489,MP,6.857805351228649,2.061507350051744
ZFA:0000050,ZFA,6.856199438225999,2.061302957469489
HP:0000777,HP,6.853761975744399,2.060992649577963
MP:0005333,MP,6.843584873379667,2.059695984111056
HGNC:30858,HGNC,6.842212183175397,2.0595209607822667
HP:0000343,HP,6.841519153167148,2.0594325851280506
HGNC:7553,HGNC,6.8398622211220745,2.059221260371425
UBERON:0004819,UBERON,6.839493499317124,2.0591742275964062
UBERON:0001156,UBERON,6.8315347604730965,2.0581585010727417
ZFIN:ZDB-GENE-160727-2,ZFIN,6.830379112985817,2.0580109268364493
GO:0006414,GO,6.82385491573909,2.0571773890712035
UBERON:0001874,UBERON,6.8215731553423185,2.056885705084983
GO:0004386,GO,6.820718286762334,2.0567764028661872
HGNC:399,HGNC,6.819153718595914,2.0565763285725995
HP:0000939,HP,6.809128789039782,2.055293406930221
HGNC:9955,HGNC,6.807956767135472,2.055143312099493
HGNC:12666,HGNC,6.804683478122789,2.054723999413205
HP:0012378,HP,6.800769928426555,2.054222437596791
FYPO:0000797,FYPO,6.797869485945681,2.053850553557773
ZFA:0000013,ZFA,6.776501560887725,2.0511065662209975
HGNC:9666,HGNC,6.772006295595251,2.0505283415502813
HGNC:10334,HGNC,6.769870690583634,2.0502535221025457
GO:0016042,GO,6.7606333752994745,2.049063951392636
HP:0003202,HP,6.750504437587509,2.0477579299680455
HGNC:8975,HGNC,6.748850026193818,2.047544448638376
MONDO:0700270,MONDO,6.737500000000005,2.046078638010715
HGNC:3689,HGNC,6.737014756354824,2.046015922810532
MONDO:0007103,MONDO,6.733698305522088,2.045587183570101
HGNC:8803,HGNC,6.72654998951828,2.0446624485494485
HGNC:2976,HGNC,6.725851466570191,2.044572038919521
HP:0000528,HP,6.716798951235594,2.0433996344259153
UBERON:0002250,UBERON,6.71554479444804,2.043237098286106
MP:0008874,MP,6.714195423147285,2.043062193033631
HP:0001631,HP,6.7126192697501565,2.0428578535852107
FB:FBgn0032752,FB,6.706555117126199,2.042071280609971
MP:0001394,MP,6.706189853397326,2.042023882988114
HGNC:10457,HGNC,6.704395374797842,2.0417909938951926
HGNC:6492,HGNC,6.688969372428063,2.039786752744941
MONDO:0100216,MONDO,6.667244736200868,2.036957324792601
MP:0005584,MP,6.6564011190037835,2.03554204554254
HP:0000470,HP,6.644038228338126,2.033926027456328
HGNC:12765,HGNC,6.636244886580371,2.0329059753571754
FBBT:00005554,FBBT,6.631681312055992,2.032308176468065
MONDO:0010725,MONDO,6.629442558990327,2.03201478351737
GO:0007160,GO,6.628439634286726,2.031883320357235
UBERON:0006566,UBERON,6.622397839709194,2.0310909973252826
EMAPA:17564,EMAPA,6.62209119077295,2.031050766532939
GO:0004722,GO,6.61120166162507,2.029621065009009
ZFA:0000003,ZFA,6.60792343755418,2.02919026177949
GO:0050830,GO,6.607385844913616,2.0291195970784566
MP:0004952,MP,6.606890775755367,2.029054517525775
UBERON:0001873,UBERON,6.6004642132457265,2.028209326117163
HGNC:10768,HGNC,6.598785368626677,2.027988414602179
HGNC:8729,HGNC,6.598613983202138,2.027965860029442
UBERON:0009834,UBERON,6.594085941333754,2.027369778750282
HGNC:644,HGNC,6.585992171363023,2.0263034112813374
UBERON:0002736,UBERON,6.57743711329749,2.025175030779453
WBBT:0005319,WBBT,6.572049737024163,2.0244638018706915
UBERON:0001951,UBERON,6.5701747196405895,2.0242161477167695
MP:0013278,MP,6.569740603904595,2.0241588005352513
UBERON:0002418,UBERON,6.566046610264936,2.023670686681544
FYPO:0000842,FYPO,6.564612822613237,2.023481165839792
WB:WBGene00007022,WB,6.559860108188222,2.0228526858123295
HGNC:16400,HGNC,6.557185014869884,2.0224987683205864
MONDO:0005240,MONDO,6.556944787362517,2.0224669798536974
MP:0002989,MP,6.553838895388287,2.0220558970027773
HGNC:10360,HGNC,6.551373434052015,2.021729458511958
GO:0030527,GO,6.54665170354611,2.02110398191925
UBERON:0000569,UBERON,6.538600579369631,2.020036565241037
EMAPA:17202,EMAPA,6.53610495262556,2.0197054640116865
EMAPA:17918,EMAPA,6.530550378689101,2.0189681306001277
NCBIGENE:2873748,NCBIGENE,6.528816939976745,2.0187379165833854
MONDO:0012999,MONDO,6.527574166620787,2.0185728340812132
MONDO:0009276,MONDO,6.521026175261002,2.017702588128198
HGNC:14929,HGNC,6.520303919614765,2.0176065519874795
MP:0011965,MP,6.514992094360672,2.0168999712231033
HP:0000980,HP,6.513346193037027,2.0166809315263983
EMAPA:32743,EMAPA,6.505360978333607,2.0156175623076305
EMAPA:18666,EMAPA,6.495507861196833,2.0143038892585334
MP:0009763,MP,6.49274731613506,2.0139355281570808
UBERON:0007610,UBERON,6.489677328967794,2.0135257163565274
UBERON:0001949,UBERON,6.488815339706484,2.013410619426372
HGNC:26144,HGNC,6.488228892186867,2.013332306574939
EMAPA:18010,EMAPA,6.482908490792168,2.0126215520767907
UBERON:0036245,UBERON,6.474772658680815,2.0115337052598425
EMAPA:18769,EMAPA,6.466510755328139,2.0104277889920352
HP:0002733,HP,6.461681499864895,2.0097807909430885
HGNC:1615,HGNC,6.455751595949733,2.0089857608344337
ZFA:0000042,ZFA,6.455139290870178,2.0089036322635057
GO:0003714,GO,6.450514846290601,2.008283136888342
EMAPA:35197,EMAPA,6.449991716666779,2.0082129205340418
GO:0005201,GO,6.448460548783166,2.008007373291721
HGNC:4055,HGNC,6.447243896005238,2.007844017099318
HGNC:10387,HGNC,6.442205557811846,2.0071672508560363
CL:0000083,CL,6.430510465965699,2.005594559729821
HGNC:9236,HGNC,6.4287743128038,2.0053608804921392
HGNC:14063,HGNC,6.426085019164722,2.004998804539973
HGNC:12463,HGNC,6.409965909601482,2.0028258387038207
HGNC:3754,HGNC,6.408712995095076,2.002656739350572
UBERON:0004502,UBERON,6.405372580858667,2.0022057612222364
HGNC:8804,HGNC,6.4036854288058205,2.001977907153592
GO:0060090,GO,6.4016142445034925,2.0016981175699238
HGNC:3775,HGNC,6.394472840263853,2.0007328076534208
REACTOME:R-DDI-8951664,REACTOME,6.392754625843811,2.0005004159583972
GO:0016616,GO,6.38456227589604,1.9993916421746938
MP:0011108,MP,6.382561885097017,1.9991207172756478
WBBT:0006748,WBBT,6.379831800147548,1.998750847044735
HGNC:9066,HGNC,6.365796342309629,1.9968471692982168
EMAPA:36043,EMAPA,6.360635006075511,1.9961462070184424
HGNC:17761,HGNC,6.357680476347016,1.9957447303995035
HP:0002878,HP,6.352792217962803,1.995080134683823
HP:0001763,HP,6.350347170048034,1.9947475461293946
HGNC:1097,HGNC,6.347946999166348,1.9944209543663796
UBERON:0001507,UBERON,6.347474632621815,1.9943566667866788
HP:0002119,HP,6.34284448448193,1.993726299501081
HGNC:11362,HGNC,6.3368146147629645,1.9929047722411724
MONDO:0007665,MONDO,6.33375000000001,1.992486981257934
WB:WBGene00013932,WB,6.3322584665831085,1.9922835812087056
UBERON:0001675,UBERON,6.314444454972276,1.9898510855828866
HP:0030769,HP,6.313566003797052,1.9897309802303842
WBBT:0005784,WBBT,6.313300947153031,1.9896947377944696
UBERON:0009853,UBERON,6.3075289547150195,1.9889051803238462
HGNC:2750,HGNC,6.303583188080856,1.9883650754103366
EMAPA:32763,EMAPA,6.291452635334893,1.986702790276407
GO:0019236,GO,6.282392154789873,1.9854594009247564
EMAPA:16906,EMAPA,6.281319951383559,1.985312157776796
HGNC:10303,HGNC,6.280556117606144,1.9852072490721075
HP:0003198,HP,6.279057416545996,1.9850013780767097
GO:0031146,GO,6.269949586034701,1.9837493570007103
HGNC:20766,HGNC,6.254327619551404,1.9815982038264295
GO:0071805,GO,6.2505424069753746,1.9810762808233233
HGNC:775,HGNC,6.250274289058195,1.9810393011244787
HGNC:10369,HGNC,6.246371422817998,1.9805008501735397
HGNC:10421,HGNC,6.244651925495869,1.980263531208706
HP:0001272,HP,6.243470902732024,1.9801004979737642
WBBT:0005753,WBBT,6.242695768671624,1.979993480834072
MP:0011090,MP,6.24148214699979,1.9798259018825097
HGNC:10353,HGNC,6.24110853625906,1.9797743074200294
GO:0051082,GO,6.230906000372927,1.9783643395747739
MP:0005140,MP,6.224226794630586,1.9774402102274469
GO:0019899,GO,6.214937406003874,1.9761535166516628
EMAPA:17939,EMAPA,6.209731823660212,1.9754317555510423
WBBT:0005821,WBBT,6.205120720779843,1.9747919844505843
MONDO:0021100,MONDO,6.203868936373749,1.974618233974107
HGNC:13516,HGNC,6.203309026198015,1.9745405074162106
MP:0008537,MP,6.203136694046969,1.9745165831042186
HGNC:9722,HGNC,6.2006333672678355,1.9741689898291688
EMAPA:18939,EMAPA,6.200259640689525,1.9741170865786986
HGNC:6106,HGNC,6.198810171206862,1.9739157583670162
NCBIGENE:2868941,NCBIGENE,6.196217495721801,1.9735555401620797
HGNC:4853,HGNC,6.194259879027304,1.9732834690339867
UBERON:0003984,UBERON,6.188915791882563,1.9725403664656898
GO:0042981,GO,6.188257515575787,1.9724487940413808
GO:0051607,GO,6.186529057044491,1.9722083092827525
HGNC:12855,HGNC,6.184385427332304,1.9719099803586724
REACTOME:R-CEL-9843940,REACTOME,6.177764249331991,1.9709879486825719
HGNC:8014,HGNC,6.176481443967894,1.9708092133599473
EMAPA:17921,EMAPA,6.167116840358578,1.9695034594264873
MP:0001510,MP,6.164934773438034,1.9691989577408662
HGNC:9644,HGNC,6.1641304520628335,1.9690866934216817
HGNC:4010,HGNC,6.1574174426966835,1.9681492235466203
MP:0000373,MP,6.15632183209186,1.967996138376361
HGNC:10368,HGNC,6.1555759825112935,1.967891910468797
EMAPA:32767,EMAPA,6.150554944855569,1.9671899683591687
HGNC:10411,HGNC,6.147042089176249,1.9666985772895162
HGNC:10389,HGNC,6.143368827661844,1.9661844896797642
HGNC:19048,HGNC,6.1413401621953065,1.965900456524925
MP:0000709,MP,6.139022715547766,1.9655758924101716
HP:0002069,HP,6.1383872236883485,1.9654868718017362
GO:0072659,GO,6.133951235840742,1.9648652514550735
GO:0051726,GO,6.130437600832452,1.9643726071336682
HGNC:2961,HGNC,6.12981050725868,1.96428465725097
FYPO:0001309,FYPO,6.126685449808746,1.9638462525392657
HP:0000718,HP,6.126500337297243,1.9638202776429472
UBERON:0004993,UBERON,6.122626824515263,1.9632765934111471
HGNC:869,HGNC,6.118647734739463,1.9627177824897246
EMAPA:17815,EMAPA,6.116044622371368,1.9623520404937884
HGNC:24288,HGNC,6.109343853331,1.9614099545117563
HGNC:10305,HGNC,6.096447622648575,1.9595943239997995
HGNC:3767,HGNC,6.095119715312908,1.9594071836638636
ZFA:0000279,ZFA,6.09363503040918,1.9591979073833508
MONDO:0008383,MONDO,6.090674745910382,1.9587805046914384
HGNC:10298,HGNC,6.083128347524093,1.957715667110501
HGNC:914,HGNC,6.0814468976051375,1.957478250894659
HGNC:7029,HGNC,6.0805729958019255,1.9573548360412838
MP:0002082,MP,6.078145091442695,1.957011880645454
GO:0043065,GO,6.077251290744657,1.9568855965520815
EMAPA:16085,EMAPA,6.07407532305728,1.9564367386001207
GO:0008285,GO,6.070748024100952,1.9559662768720332
UBERON:0004262,UBERON,6.070622701094706,1.9559485525638758
HP:0008070,HP,6.068966188775387,1.9557142441494233
HP:0001344,HP,6.068383696584088,1.9556318394276966
HGNC:4689,HGNC,6.068265962855826,1.9556151829028339
UBERON:0000057,UBERON,6.068070712169132,1.9555875589587817
MP:0001672,MP,6.054130950889322,1.9536133957029793
HP:0001337,HP,6.053291542582477,1.953494393339759
GO:0006813,GO,6.052819783865998,1.9534275062004565
UBERON:0002345,UBERON,6.045330250608272,1.952365021556163
EMAPA:18719,EMAPA,6.044456907571915,1.9522410533190746
HGNC:2597,HGNC,6.044005907289511,1.9521770292607392
DICTYBASE:DDB_G0273195,DICTYBASE,6.0420732197713,1.9519026182606438
DICTYBASE:DDB_G0274807,DICTYBASE,6.0420732197713,1.9519026182606438
HGNC:10397,HGNC,6.040174325032416,1.951632931941844
GO:0051604,GO,6.035799695992309,1.951011358021003
EMAPA:32778,EMAPA,6.0337406718675615,1.9507186655682842
HGNC:11876,HGNC,6.033384720659651,1.9506680580421472
HP:0002353,HP,6.028893379512539,1.9500292794220917
EMAPA:18575,EMAPA,6.027136465003157,1.9497792921158659
HGNC:10384,HGNC,6.02688517839367,1.94974353201589
HGNC:9077,HGNC,6.02657769559095,1.9496997730070926
HP:0002205,HP,6.013385760166253,1.9478205744823358
HP:0000737,HP,6.012177920857933,1.9476483405046112
HGNC:9122,HGNC,6.011809908746415,1.9475958572714434
MGI:96573,MGI,6.006203581207167,1.946795982475749
GO:0008104,GO,6.000211522660521,1.9459403661217047
HP:0000961,HP,5.999676166782145,1.9458638860969342
HGNC:3214,HGNC,5.99681510428032,1.9454550604153735
GO:0004364,GO,5.9913682484392785,1.9446762807870275
UBERON:0000922,UBERON,5.990690126454456,1.9445792819092984
HGNC:12496,HGNC,5.989698173819816,1.9444373756024063
UBERON:0008952,UBERON,5.989360521412982,1.944389067284334
HP:0000105,HP,5.988697060801576,1.9442941384134231
HGNC:11845,HGNC,5.987580200980078,1.9441343161942504
HGNC:3430,HGNC,5.980466612305324,1.9431157644404022
HGNC:1058,HGNC,5.977345288187243,1.9426685132247583
GO:0003823,GO,5.974532185549145,1.9422652552859592
GO:0048731,GO,5.9664344705884,1.9411035401666004
UBERON:0002369,UBERON,5.965063408761401,1.940906711104385
UBERON:0001496,UBERON,5.964584652449913,1.9408379719216613
GO:0005550,GO,5.962333631657095,1.940514710053314
HGNC:9021,HGNC,5.962144834021601,1.9404875926807
UBERON:0000043,UBERON,5.962025927662224,1.9404705135509743
HGNC:10475,HGNC,5.959996579562892,1.9401789829040943
HGNC:9188,HGNC,5.956474355045526,1.9396727878192734
HGNC:11195,HGNC,5.9415565292915025,1.9375260331304534
HGNC:1622,HGNC,5.936803399747756,1.936841063183876
GO:0046983,GO,5.930999162179387,1.936003982055648
GO:0005179,GO,5.930176660495518,1.9358853050118883
HGNC:29926,HGNC,5.926589415563149,1.935367544230936
HGNC:10371,HGNC,5.923092322864407,1.934862537280002
MP:0000195,MP,5.921259365208519,1.9345977422635365
MP:0001289,MP,5.919470928066973,1.9343393112250575
HGNC:9967,HGNC,5.918607147591599,1.9342144701204225
GO:0042393,GO,5.915506340369442,1.9337661859167714
GO:0000209,GO,5.914778146432983,1.9336608816567142
HGNC:1090,HGNC,5.913940550959253,1.9335397431054018
HP:0000789,HP,5.904112231501974,1.9321172096602932
NCBIGENE:428818,NCBIGENE,5.9021260164108895,1.9318294824649311
NCBIGENE:101751605,NCBIGENE,5.901112306825921,1.9316826024990779
HGNC:11571,HGNC,5.898462955779551,1.9312986267565635
HGNC:5261,HGNC,5.897101228229832,1.9311012114807575
HGNC:1681,HGNC,5.895481929077753,1.9308664042454413
EMAPA:16247,EMAPA,5.892582627788876,1.9304458519163379
GO:0006417,GO,5.890968826866464,1.9302116886188605
HP:0011877,HP,5.889389995733746,1.92998254637954
HGNC:7978,HGNC,5.8745375749252835,1.927824379461407
NCBIGENE:428816,NCBIGENE,5.87174315286663,1.927417808090942
HGNC:1759,HGNC,5.871637684327814,1.9274024598240103
HGNC:10402,HGNC,5.863596957311755,1.92623164212131
MP:0001625,MP,5.859921081052829,1.9256959374519156
EMAPA:36041,EMAPA,5.855821396891883,1.9250981303277832
HP:0000543,HP,5.851157661109385,1.9244176396167767
EMAPA:16117,EMAPA,5.84591270814006,1.9236517892437714
HP:0000708,HP,5.845316107403665,1.9235646384489362
HGNC:1706,HGNC,5.838055170616872,1.9225033594233554
MP:0005344,MP,5.835558961703982,1.922138246159742
MP:0000194,MP,5.831688918526268,1.9215719224470147
EMAPA:32679,EMAPA,5.820892573410858,1.9199903391585664
GO:0009966,GO,5.820003453671786,1.9198599782587302
HP:0000613,HP,5.8184135011399825,1.9196268203278246
HGNC:11655,HGNC,5.816272986102097,1.9193128395028936
HGNC:1723,HGNC,5.815208068150894,1.9191565955923262
EMAPA:18290,EMAPA,5.814046307865545,1.9189861152041683
MP:0002966,MP,5.809431480685911,1.9183086336641724
MP:0001566,MP,5.804149900670775,1.9175327055476585
HP:0002239,HP,5.800828368831203,1.917044423708501
HGNC:10362,HGNC,5.798808343518211,1.916747353224844
HP:0001369,HP,5.79429979036404,1.9160839945176087
UBERON:0000990,UBERON,5.790839569716699,1.9155745818968832
GO:0002088,GO,5.790774464536786,1.9155649946446247
HGNC:1390,HGNC,5.789924590850265,1.915439835595865
GO:0005543,GO,5.785081646593371,1.9147263266106544
HGNC:10019,HGNC,5.780516845013335,1.914053329874808
HGNC:6485,HGNC,5.779832513831397,1.9139523986724605
HP:0002093,HP,5.77910837959769,1.9138455858704744
HGNC:9817,HGNC,5.773438487617786,1.9130088586683842
EMAPA:32780,EMAPA,5.7699592074627555,1.9124950614204699
GO:0035725,GO,5.769644824994555,1.912448622474766
HP:0000280,HP,5.769097707122706,1.9123677999211428
MP:0008770,MP,5.7675464286350815,1.9121386030125356
ZFA:0000360,ZFA,5.764087552524257,1.911627374850294
HGNC:1633,HGNC,5.761967852401008,1.911313950118967
HP:0002079,HP,5.757551174458211,1.9106605721265773
HGNC:10379,HGNC,5.753867409166867,1.91011529031774
UBERON:0007362,UBERON,5.752266976896645,1.9098782969291115
HP:0002094,HP,5.744509199639423,1.9087287219476357
EMAPA:16977,EMAPA,5.741226425244017,1.9082418705734785
GO:0052689,GO,5.733605537262294,1.9071107412480108
GO:0015293,GO,5.733120718005997,1.9070387387067373
FBBT:00005560,FBBT,5.729027175546653,1.9064305827693817
HP:0000664,HP,5.720650018915139,1.9051848788623387
HP:0000978,HP,5.720052373170637,1.905095948131271
HGNC:10769,HGNC,5.71855387157508,1.9048729336944346
HGNC:7133,HGNC,5.717240844915346,1.904677481666234
HGNC:10316,HGNC,5.714150833414805,1.9042173638126176
HGNC:2529,HGNC,5.708722003909873,1.903408471429186
NCBIGENE:2875895,NCBIGENE,5.705989004713116,1.9030010084234137
HGNC:10894,HGNC,5.705294100771417,1.9028973786757073
GO:0010467,GO,5.7046001643420645,1.9027938824935222
HGNC:14499,HGNC,5.7025472648045685,1.9024876429202813
HGNC:7562,HGNC,5.699898888566388,1.902092435024298
EMAPA:32705,EMAPA,5.698910336658898,1.9019448768506326
HGNC:1784,HGNC,5.693136364970036,1.9010825781781029
HGNC:6182,HGNC,5.691809903031773,1.900884376120949
HGNC:9962,HGNC,5.689318931614589,1.9005120650137561
HGNC:7673,HGNC,5.688638076583439,1.9004102774192349
EMAPA:16908,EMAPA,5.686710343913588,1.9001220258354115
HGNC:10474,HGNC,5.6855056562888775,1.8999418481254564
HGNC:9234,HGNC,5.681832553761267,1.899392284321154
MP:0002699,MP,5.67788403921743,1.8988011767731268
HP:0000083,HP,5.677728601601613,1.8987779000249905
HGNC:18618,HGNC,5.677380803481589,1.8987258153719107
HP:0002020,HP,5.6752163478810225,1.8984016154286354
MONDO:0019200,MONDO,5.674390239334653,1.8982778502012443
HP:0002376,HP,5.67313541128594,1.8980898261306778
UBERON:0002401,UBERON,5.669791810499279,1.8975886466217033
HGNC:1473,HGNC,5.668369551384813,1.8973753849762234
HP:0001276,HP,5.66790625491794,1.8973059058392008
MP:0000692,MP,5.667789645116942,1.8972884174678588
GO:0003690,GO,5.665706285597228,1.8969759173482361
HP:0001371,HP,5.665437341529885,1.8969355691118204
GO:0016064,GO,5.662043068900724,1.8964262046111018
ZFIN:ZDB-GENE-040426-1700,ZFIN,5.658958805441993,1.8959631368114065
HGNC:11273,HGNC,5.655670876738837,1.8954692546909913
GO:0006814,GO,5.654526429551959,1.8952972892176985
GO:0006633,GO,5.654396781525637,1.8952778063453024
HGNC:13631,HGNC,5.646037132033892,1.8940207570419665
HGNC:7132,HGNC,5.643411124052541,1.8936255550794883
WB:WBGene00000402,WB,5.642394639099333,1.893472536892513
HP:0000463,HP,5.642088134982803,1.893426392210511
ZFA:0000083,ZFA,5.636967893180474,1.8926552166020605
HP:0001417,HP,5.625900833113958,1.8909863374382034
MONDO:0010602,MONDO,5.6216644733587655,1.8903467693663965
HGNC:14840,HGNC,5.61635287141499,1.8895442923654255
GO:0003730,GO,5.6149798008689675,1.8893367440277093
HGNC:12692,HGNC,5.609796741169704,1.8885529031895427
UBERON:0002400,UBERON,5.601001739004727,1.8872214161522478
HGNC:12687,HGNC,5.600159568632621,1.887093825805668
HGNC:10363,HGNC,5.598626739781592,1.8868615576528087
NCBIGENE:2875935,NCBIGENE,5.5922371619414175,1.8858927691962641
MP:0000428,MP,5.5921693338388065,1.8858824800561904
HGNC:23386,HGNC,5.588572744803072,1.8853367461204926
UBERON:0001515,UBERON,5.588027751965512,1.885254024808876
GO:0007189,GO,5.584434023509937,1.8847083821483024
MP:0005404,MP,5.580126442153552,1.884053961285357
GO:0030968,GO,5.5770680218398825,1.8835890566467388
GO:0048513,GO,5.57242034355094,1.882882157890934
HGNC:8156,HGNC,5.571863756685372,1.882797469084506
HGNC:10418,HGNC,5.569699979755735,1.8824681662720575
UBERON:0003379,UBERON,5.568559125701238,1.882294497287726
HGNC:10364,HGNC,5.566312526423534,1.8819524156352954
MONDO:0011225,MONDO,5.562397884163604,1.881356067288273
HGNC:10331,HGNC,5.561260884524767,1.8811827924932296
HP:0001945,HP,5.559271329541257,1.8808795189725678
HGNC:30313,HGNC,5.554825684268008,1.8802015240730539
NCBIGENE:2867965,NCBIGENE,5.55324193011171,1.8799598783613294
HGNC:17340,HGNC,5.546359185633279,1.878909045583908
HGNC:20626,HGNC,5.540452321169492,1.8780063253358408
FYPO:0001034,FYPO,5.539894199284625,1.8779209878588352
GO:0009410,GO,5.53731198327187,1.877526069248504
HP:0001336,HP,5.536961958836033,1.8774725252524902
MP:0000367,MP,5.532724019530228,1.8768240109023597
HGNC:10419,HGNC,5.532418818002494,1.8767772909343372
HGNC:1697,HGNC,5.530784749420828,1.8765271120893465
GO:0031625,GO,5.521642957223533,1.8751263314993163
MP:0001891,MP,5.519669510886201,1.8748236861394691
HGNC:12458,HGNC,5.519157481713848,1.8747451469928256
MP:0001473,MP,5.509025367619773,1.8731897318971085
EMAPA:16036,EMAPA,5.506962565917133,1.8728727676020518
MP:0000220,MP,5.506350171494408,1.8727786494577277
HGNC:225,HGNC,5.502606868640355,1.8722031532137446
GO:0016779,GO,5.491131815240605,1.8704369092308435
MONDO:0003634,MONDO,5.489835053548219,1.8702371149150876
HP:0000494,HP,5.486106449898667,1.8696624200074103
HGNC:28993,HGNC,5.479605773646968,1.8686596711133543
HGNC:7720,HGNC,5.471781534739656,1.8674514237383255
HP:0000962,HP,5.468236796932525,1.8669035515784969
HGNC:20153,HGNC,5.466686994092793,1.8666639208126437
HP:0000126,HP,5.46572660599714,1.8665153966272723
UBERON:0002483,UBERON,5.465230279848746,1.866438631055626
HP:0000256,HP,5.464333402529113,1.8662998982502346
GO:1990756,GO,5.464198507065423,1.866279030379909
HGNC:11763,HGNC,5.452624022298879,1.864486873239379
MONDO:0021056,MONDO,5.45247148935909,1.8644632340590785
HGNC:17264,HGNC,5.447066623670173,1.863625240332815
ZFA:0000243,ZFA,5.444715198303905,1.8632604458575726
HP:0007843,HP,5.442036030152337,1.8628446439005593
MONDO:0010679,MONDO,5.439609938618477,1.8624679697444106
MP:0001463,MP,5.4382994554955415,1.8622644455406983
HGNC:10310,HGNC,5.438114168908958,1.8622356663181598
HGNC:13408,HGNC,5.43721384099144,1.8620958131170153
FBBT:00001911,FBBT,5.436907555540249,1.8620482315474751
MP:0031391,MP,5.436525635171641,1.8619888968908902
HGNC:10426,HGNC,5.433268970401968,1.8614828025919534
HGNC:10333,HGNC,5.430923098644057,1.861118089165518
HGNC:12028,HGNC,5.43021857205867,1.8610085302159112
GO:0035091,GO,5.43018422499064,1.8610031886930098
HGNC:9508,HGNC,5.429895020886536,1.8609582116600347
HGNC:1078,HGNC,5.4285476319227355,1.8607486390072474
GO:0007005,GO,5.425832044902408,1.8603261235488588
EMAPA:32760,EMAPA,5.424026837004662,1.860045154251653
HGNC:10429,HGNC,5.418359836268235,1.8591626078452206
MONDO:0008170,MONDO,5.418062713159141,1.8591163140888405
UBERON:0001377,UBERON,5.409568290448641,1.8577919192805197
ZFIN:ZDB-GENE-990415-173,ZFIN,5.409171850142071,1.8577300660402873
HGNC:10405,HGNC,5.406624028160758,1.8573324595179812
HGNC:6024,HGNC,5.405248760921663,1.857117773145892
HGNC:2903,HGNC,5.402153707817368,1.8566344506029955
HP:0002315,HP,5.400135463864509,1.8563191563704542
WBBT:0006749,WBBT,5.398761847788002,1.8561045103664535
HGNC:3551,HGNC,5.398392452470346,1.8560467795133135
GO:0005262,GO,5.397022136402817,1.8558325908970323
UBERON:0001812,UBERON,5.395960092461286,1.8556665554996605
HP:0001943,HP,5.395845815169332,1.8556486882348218
MONDO:0018875,MONDO,5.3952691601923135,1.855558523307289
HP:0000431,HP,5.391033268821466,1.8548959562282878
HGNC:8910,HGNC,5.38956658847656,1.8546664395596306
HGNC:1617,HGNC,5.387938253246369,1.854411564251943
UBERON:0001723,UBERON,5.3861217755753374,1.8541271632581828
EMAPA:31169,EMAPA,5.38340888030119,1.8537022619226409
HGNC:6932,HGNC,5.383037036701217,1.8536440086542691
HGNC:5275,HGNC,5.375879656782333,1.852522066903004
HP:0000938,HP,5.372116155432913,1.851931620920091
HGNC:1527,HGNC,5.370909372681259,1.851742218057702
HP:0001265,HP,5.3705729568206895,1.8516894116648588
HP:0011014,HP,5.370518118401708,1.8516808035450896
MP:0002757,MP,5.370189097470594,1.8516291547746389
ZFA:0000058,ZFA,5.368945325676706,1.8514338869084672
HP:0002538,HP,5.368839088628102,1.8514172062919407
GO:0004519,GO,5.368656926887099,1.8513886038506455
HGNC:3688,HGNC,5.366637479814784,1.8510714620516813
GO:0030366,GO,5.361555321116471,1.8502728948005598
HGNC:5244,HGNC,5.359689904477568,1.849979619005747
HGNC:14497,HGNC,5.357850405036683,1.8496903335922243
GO:0036503,GO,5.357316377119122,1.849606335021537
HGNC:11896,HGNC,5.352469909649914,1.848843699428026
HGNC:12420,HGNC,5.3512900660067695,1.848657952271468
UBERON:0000317,UBERON,5.351106245615229,1.8486290096393783
HGNC:12716,HGNC,5.349238383831477,1.8483348661571788
MP:0000352,MP,5.347360424867962,1.8480390453620972
HGNC:16290,HGNC,5.337305868996701,1.8464537363371547
HGNC:4868,HGNC,5.332948920065014,1.8457659918243636
GO:0016712,GO,5.328462760019273,1.8450573567453021
HGNC:939,HGNC,5.31717138044287,1.8432715415854146
HGNC:6153,HGNC,5.3160933399389645,1.8431008746152555
EMAPA:18226,EMAPA,5.311809719607034,1.8424224372728026
GO:0098655,GO,5.309856883103528,1.8421129953297444
HGNC:11782,HGNC,5.309671213187699,1.8420835695200906
UBERON:0003454,UBERON,5.307815469051496,1.8417894151934295
GO:0016485,GO,5.300475662736626,1.8406251325690395
REACTOME:R-DDI-9717207,REACTOME,5.299706390657641,1.840503027653939
HGNC:1616,HGNC,5.292166845775118,1.8393055019733713
FYPO:0009091,FYPO,5.291728665540259,1.8392358605440313
HGNC:3650,HGNC,5.290705169861897,1.8390731741045063
GO:0050660,GO,5.289959768101669,1.8389546745236374
HGNC:19291,HGNC,5.282988777070627,1.8378457871818483
HGNC:129,HGNC,5.282353018889372,1.8377445948399096
MONDO:0007453,MONDO,5.281083420770649,1.8375424848313713
FBBT:00005741,FBBT,5.277650692724417,1.8369958169744522
HGNC:11427,HGNC,5.2772390029610845,1.8369302345960388
HGNC:5044,HGNC,5.2757457676463115,1.836692325389726
FYPO:0001457,FYPO,5.274428218170017,1.8364823602557567
EMAPA:17942,EMAPA,5.273777808968595,1.8363786945683114
MP:0005095,MP,5.268119398970294,1.8354763732865462
UBERON:0001554,UBERON,5.267021080820651,1.8353011350186985
HGNC:20419,HGNC,5.264405732587864,1.8348837287153779
GO:0031507,GO,5.263967501702546,1.834813770568809
MONDO:0007959,MONDO,5.263911727954027,1.8348048666278471
GO:0030182,GO,5.263826361686699,1.83479123826705
HGNC:4897,HGNC,5.263548885862089,1.8347469391510463
HGNC:11850,HGNC,5.262116516991535,1.8345182297243245
MP:0011095,MP,5.257971915552589,1.8338561574693766
HGNC:11138,HGNC,5.252634028135247,1.8330028194671595
MONDO:0019497,MONDO,5.250000000000006,1.832581463748311
HGNC:10304,HGNC,5.249062753157927,1.832431493008529
ZFA:0000138,ZFA,5.247483306861896,1.8321787117525157
FB:FBgn0037717,FB,5.246032145420032,1.8319464054086474
HGNC:1509,HGNC,5.2448943433447335,1.8317642248346975
HGNC:3189,HGNC,5.2403420984016496,1.831035004340388
HP:0003141,HP,5.238477513377015,1.8307361643705
HGNC:10329,HGNC,5.236764136472133,1.83046148000546
REACTOME:R-DDI-2022377,REACTOME,5.233216175050009,1.829892439569272
XENBASE:XB-GENE-29098319,XENBASE,5.231099613587641,1.8295528202081128
HGNC:10289,HGNC,5.2275441602625925,1.8289820592992838
XENBASE:XB-GENE-29083935,XENBASE,5.221920006815375,1.8280785418861096
MP:0002020,MP,5.220711954345738,1.8278843623142629
HGNC:2717,HGNC,5.2166770288277275,1.827235524255885
GO:0005212,GO,5.214827128044471,1.8269379092973785
MP:0005551,MP,5.212592333765059,1.8265782538901767
HGNC:7910,HGNC,5.207826782213319,1.8258108801419812
MP:0001967,MP,5.206824635578624,1.8256494343465017
GO:0001227,GO,5.206707027214061,1.8256304859331476
HGNC:31675,HGNC,5.2061103837003975,1.8255343524778052
HGNC:10899,HGNC,5.206011083400019,1.8255183519414513
FYPO:0009094,FYPO,5.203518551435839,1.825116639375215
HGNC:10414,HGNC,5.201807350673796,1.8248407577439867
HGNC:18130,HGNC,5.201518520653802,1.8247941847484783
HGNC:4177,HGNC,5.201004392557265,1.8247112777302161
HP:0003623,HP,5.198745683774399,1.8243469625151603
HGNC:7882,HGNC,5.197809983761639,1.8241960012256486
EMAPA:18438,EMAPA,5.197048720249349,1.824073165857949
HGNC:18083,HGNC,5.194826556118563,1.8237145172910378
MP:0006325,MP,5.194037965946172,1.8235872110036777
HGNC:186,HGNC,5.187678331979764,1.822559948809545
HGNC:10021,HGNC,5.1868591713831504,1.8224275542699369
HGNC:16639,HGNC,5.185048736622493,1.8221348856230246
MONDO:0002909,MONDO,5.1847974469837395,1.8220942562352282
HGNC:1033,HGNC,5.183285403067531,1.8218497488298246
HP:0007737,HP,5.183249497586969,1.8218439419516892
HGNC:10306,HGNC,5.182849710275063,1.8217792833547743
HP:0001677,HP,5.18190816744928,1.8216269887709395
HGNC:7883,HGNC,5.1806220371347065,1.8214189196624433
HGNC:7672,HGNC,5.180561968369402,1.8214092007285163
HGNC:10315,HGNC,5.176338196788282,1.8207255710658719
HGNC:14848,HGNC,5.173913574691283,1.820332927713653
HGNC:11190,HGNC,5.172414594801946,1.8200901057383867
NCBIGENE:2872582,NCBIGENE,5.171170802784413,1.8198885772551008
HGNC:4439,HGNC,5.169357401458509,1.8195946836212233
HGNC:12851,HGNC,5.168682435704671,1.8194852714676852
GO:1902476,GO,5.165517122928932,1.818972013541189
HP:0001084,HP,5.163438073200271,1.8186347506157758
HP:0001254,HP,5.163377427217758,1.8186249109321184
HP:0030680,HP,5.1597551670923325,1.818037031153657
ZFA:0000141,ZFA,5.159012346141549,1.8179164312720721
HGNC:29233,HGNC,5.158588640673787,1.8178476345204346
HGNC:3356,HGNC,5.156478259444514,1.8175049029271682
EMAPA:17528,EMAPA,5.156126807707547,1.8174478148072868
UBERON:0002477,UBERON,5.156064924166601,1.8174377624068216
HGNC:347,HGNC,5.151891034797058,1.8167595198873547
GO:0030335,GO,5.1501061240508905,1.8164693376127787
FBBT:00001704,FBBT,5.148517366317558,1.8162109741067465
HGNC:6215,HGNC,5.147850293714276,1.8161024749755592
HP:0002059,HP,5.147121892161668,1.8159839872649004
HGNC:11641,HGNC,5.138249417921942,1.8145395904195263
HGNC:8979,HGNC,5.137434250043125,1.8144067802393256
HGNC:3691,HGNC,5.13700977998694,1.8143376170160763
HGNC:12403,HGNC,5.136771091799068,1.814298723020755
UBERON:0004180,UBERON,5.134421035576356,1.8139157029804769
FYPO:0000067,FYPO,5.132376525902221,1.8135823625657812
HGNC:1743,HGNC,5.1303384064865964,1.813249953397725
HP:0000768,HP,5.128752928706265,1.8129912918467472
HGNC:14054,HGNC,5.127968103822328,1.8128632274349152
HGNC:3373,HGNC,5.127337123761002,1.8127602548772896
HGNC:14064,HGNC,5.124528975864842,1.8123018515740703
HGNC:14495,HGNC,5.11771157780014,1.8111881014007207
MP:0002080,MP,5.116634357810528,1.8110120037166983
UBERON:0012648,UBERON,5.116428654090656,1.8109783729376054
HGNC:12637,HGNC,5.116077865510816,1.8109210194296592
HGNC:10424,HGNC,5.111835831433657,1.8102271914631773
MP:0005633,MP,5.109953119241475,1.8099191003621653
GO:0006865,GO,5.105435633924824,1.809179461925128
UBERON:0001303,UBERON,5.104684744949751,1.8090564674004683
ZFA:0001117,ZFA,5.101202162484267,1.8084858275794706
REACTOME:R-DDI-72163,REACTOME,5.100079805204096,1.8083018539140299
MP:0001523,MP,5.099437364649042,1.8081965316218926
EMAPA:16406,EMAPA,5.0985816928991,1.8080562347839704
UBERON:0005363,UBERON,5.095616092449129,1.8075698394407684
HGNC:2888,HGNC,5.0946724446878235,1.807415019846414
HGNC:6190,HGNC,5.092801031680084,1.8071079155025849
HGNC:7989,HGNC,5.092051165791247,1.8069848338471606
MP:0005171,MP,5.0903261867392295,1.8067016413283887
MONDO:0002050,MONDO,5.089892019677588,1.8066303508055972
HGNC:4739,HGNC,5.088942071784823,1.806474350996821
HGNC:9816,HGNC,5.087341323483895,1.8062114221115142
FBBT:00000464,FBBT,5.086080424202346,1.806004266011579
MONDO:0004790,MONDO,5.084206698316181,1.8056963479021528
EMAPA:35523,EMAPA,5.08127262778612,1.8052139878556146
HP:0001894,HP,5.08104493860661,1.8051765461133982
HP:0010874,HP,5.0809027803037745,1.805153168558071
HGNC:11255,HGNC,5.07778392524896,1.8046401435581267
HGNC:10325,HGNC,5.077494532422754,1.8045925275652446
HP:0000729,HP,5.076943705260417,1.8045018895362477
HGNC:9175,HGNC,5.076474574501302,1.8044246880858328
MP:0005011,MP,5.075456677952885,1.804257159726817
UBERON:0001379,UBERON,5.073798715580423,1.8039842273817392
HGNC:1620,HGNC,5.071068882367314,1.8035346822159206
HGNC:1603,HGNC,5.069705781748786,1.8033101330150718
HGNC:10322,HGNC,5.06690997376803,1.802849410176592
HGNC:8031,HGNC,5.066687464999296,1.8028127337053506
HGNC:8607,HGNC,5.066264353037373,1.8027429877822743
GO:0019221,GO,5.0629758768596815,1.8022007483351308
HGNC:1424,HGNC,5.061911433191812,1.8020251683658683
GO:0008194,GO,5.060797524363489,1.8018413961025306
WBPHENOTYPE:0000058,WBPHENOTYPE,5.058990298478777,1.8015431687862569
FYPO:0000115,FYPO,5.054597806606692,1.8008179514474312
MP:0004499,MP,5.0532596789927675,1.800596916863738
HGNC:10388,HGNC,5.052599973508718,1.8004879274150514
GO:0008146,GO,5.052599793626057,1.8004878976951517
MP:0002151,MP,5.0520358719763205,1.800394723201392
HP:0002643,HP,5.0510778227577084,1.8002364086974094
HGNC:10344,HGNC,5.049440530642782,1.7999657934928204
HGNC:17563,HGNC,5.0425220869918315,1.798821488862603
HP:0000958,HP,5.041247784157775,1.7986105773917016
FYPO:0002151,FYPO,5.037065833269528,1.7979181047191386
HGNC:2505,HGNC,5.035738412081152,1.7976982020077636
HP:0001638,HP,5.035463986222249,1.7976527341496504
GO:0006909,GO,5.0336532627229085,1.797352675168438
HGNC:2890,HGNC,5.026030525780868,1.7960885063741485
HGNC:25941,HGNC,5.0231768411029885,1.7956148345973513
EMAPA:18333,EMAPA,5.0214879114284,1.7953343901482348
HGNC:12450,HGNC,5.020614593705775,1.795189346087402
EMAPA:19209,EMAPA,5.020435302436597,1.7951595660813828
HGNC:30646,HGNC,5.017618137672477,1.7946915228334335
GO:0004843,GO,5.016874539344656,1.7945679449895269
MP:0000562,MP,5.014835110302222,1.7942289359673094
HGNC:1541,HGNC,5.012549225877125,1.793848822654435
HGNC:17635,HGNC,5.009157668675037,1.7932845837619353
MP:0002066,MP,5.006236976569085,1.792798425420955
ZFIN:ZDB-GENE-071218-5,ZFIN,5.005039177540498,1.7925989796639532
HGNC:5438,HGNC,5.004044266989953,1.792433286660417
HGNC:4163,HGNC,5.002817387289525,1.792228923565376
HP:0012757,HP,4.995537911733514,1.7910155111821344
MP:0002059,MP,4.995079554817457,1.7909390585861678
GO:0031152,GO,4.993907451299164,1.7907435285515736
MP:0008561,MP,4.992762288010727,1.7905524557487307
MP:0006036,MP,4.992034184978811,1.7904309513019172
HP:0004209,HP,4.991912334799066,1.7904106157339057
HGNC:10012,HGNC,4.991898011887707,1.7904082253570648
GO:0004713,GO,4.991455282525514,1.7903343346268967
MP:0002891,MP,4.989895507278077,1.7900739674473336
HP:0002007,HP,4.989425778765827,1.7899955442209627
HGNC:10330,HGNC,4.987023152684687,1.7895943190953645
HGNC:1579,HGNC,4.978516033864126,1.7881723822948055
WBPHENOTYPE:0000052,WBPHENOTYPE,4.976980773325144,1.7879155530601563
HGNC:1764,HGNC,4.976600748946408,1.7878519697101527
UBERON:0001828,UBERON,4.971416956149183,1.7869842453310243
HGNC:11543,HGNC,4.970102635907761,1.7867641192010795
HGNC:16806,HGNC,4.9655629757728805,1.7860034309409556
HGNC:11584,HGNC,4.964721644924694,1.7858623897376096
HGNC:10328,HGNC,4.958421793332631,1.784805646235203
MONDO:0008564,MONDO,4.955768528387509,1.7843602504647247
HGNC:24517,HGNC,4.9556156738229395,1.784334585174783
HGNC:3263,HGNC,4.9535659322843495,1.7839903563895272
FB:FBgn0014931,FB,4.951125841077871,1.7835804186461395
HP:0011025,HP,4.944053690668888,1.7823913401251488
EMAPA:17428,EMAPA,4.943460895506187,1.7822916060455152
EMAPA:16669,EMAPA,4.941985753394875,1.782043379426447
HGNC:10336,HGNC,4.932916268148793,1.7805158742743046
HGNC:130,HGNC,4.928967879727532,1.7798501472248978
REACTOME:R-DDI-9753281,REACTOME,4.926701526764136,1.7794678233065602
HGNC:1771,HGNC,4.922881394819029,1.7788230525829436
FBBT:00000441,FBBT,4.92236072401504,1.7787351403563971
HGNC:19192,HGNC,4.91858350959998,1.7780971482387655
HGNC:14498,HGNC,4.918525177264766,1.7780872923969788
EMAPA:16118,EMAPA,4.914168665317705,1.7773509406918024
HGNC:10409,HGNC,4.914081975518377,1.77733628259874
HGNC:12036,HGNC,4.912460757381608,1.7770621165666987
HGNC:3188,HGNC,4.911812828562061,1.77695252356456
UBERON:0002264,UBERON,4.909616990140342,1.7765810222350846
NCBIGENE:2875908,NCBIGENE,4.905674812774106,1.7759137213205956
HGNC:11535,HGNC,4.904291253109708,1.775679417570185
HGNC:12347,HGNC,4.9039473300778695,1.775621166201107
UBERON:0002080,UBERON,4.903066315691289,1.7754719304308018
GO:0000278,GO,4.9002437939141545,1.7749936710603837
REACTOME:R-HSA-9752946,REACTOME,4.898729565258863,1.7747369998030615
HGNC:11179,HGNC,4.898577752109391,1.7747112628877815
GO:0004866,GO,4.897211147385071,1.7744795522761252
HGNC:6259,HGNC,4.895610938170735,1.7742081652896096
HGNC:882,HGNC,4.895351291992103,1.7741641237307266
UBERON:0002581,UBERON,4.8940470230787225,1.77394286241037
HGNC:13994,HGNC,4.893540905777639,1.7738569894897267
HGNC:6193,HGNC,4.893374760778792,1.7738287980605931
HGNC:1618,HGNC,4.893038684051434,1.7737717702413975
HP:0000668,HP,4.888580623474137,1.7730149878885306
HP:0000954,HP,4.88748154068212,1.7728283239970044
MP:0004215,MP,4.88203694829528,1.771903121699167
EMAPA:17701,EMAPA,4.881675073641309,1.771841597810549
FYPO:0000785,FYPO,4.880708920609797,1.77167731937275
HGNC:11491,HGNC,4.86951162609312,1.7697714320982774
HP:0031105,HP,4.868067022929977,1.7695252819827154
HGNC:18420,HGNC,4.866820986877183,1.769312917611375
HGNC:7667,HGNC,4.865991590423988,1.7691715369408645
HGNC:3585,HGNC,4.865529895624641,1.769092826809338
FB:FBgn0036522,FB,4.863691587065705,1.7687793689081976
FYPO:0000725,FYPO,4.861405602201411,1.7683894386830816
GO:0003743,GO,4.861299688754556,1.7683713688870357
FB:FBgn0025874,FB,4.8607139868915175,1.7682714369334085
HGNC:4566,HGNC,4.860508261686794,1.7682363339039835
HGNC:3690,HGNC,4.860155440697758,1.7681761289534617
HGNC:16384,HGNC,4.855242387709787,1.7673373946060758
HP:0001751,HP,4.854193045289051,1.7671581643725516
HGNC:5237,HGNC,4.853922586421909,1.7671119641340678
HGNC:12791,HGNC,4.853434567338795,1.767028594492741
EMAPA:17158,EMAPA,4.853106599439907,1.7669725629298223
UBERON:0035833,UBERON,4.853037462257014,1.766960750810899
MP:0014052,MP,4.852052467821013,1.7667924489107498
HGNC:25697,HGNC,4.85094603215835,1.7666033630681837
HGNC:23177,HGNC,4.848943631812778,1.7662610691795004
HP:0003487,HP,4.848140885187115,1.7661238133315569
FB:FBgn0038047,FB,4.845560616868827,1.7656825042456852
HGNC:6307,HGNC,4.845423356574103,1.765659022852666
HGNC:886,HGNC,4.84497739229159,1.7655827270451383
HGNC:1623,HGNC,4.843289532995561,1.765293914457515
EMAPA:18592,EMAPA,4.842647747848751,1.765184075574757
HGNC:12630,HGNC,4.842422182527543,1.7651454681342231
HP:0000926,HP,4.833690060224508,1.7636497435729233
HGNC:9299,HGNC,4.829244879214821,1.762887468682767
GO:0003774,GO,4.827000890376488,1.762502440962794
HGNC:11916,HGNC,4.822616737360168,1.7617497719287727
HGNC:12485,HGNC,4.8225014447774415,1.7617299709132868
HP:0000193,HP,4.822259237896233,1.7616883716245004
HP:0001643,HP,4.820979936865099,1.761468621601834
UBERON:0001782,UBERON,4.815050581894954,1.7604494844529943
MP:0008489,MP,4.813414987877609,1.7601681757939425
HGNC:15633,HGNC,4.813304330752025,1.7601491408241365
HGNC:11989,HGNC,4.812790238673237,1.760060703202018
GO:0006468,GO,4.808983515224122,1.7594056012071129
GO:0007320,GO,4.8069700330819725,1.7590589258947604
FYPO:0001501,FYPO,4.8045371820809795,1.7586398845090883
ZFIN:ZDB-GENE-980526-464,ZFIN,4.803840511094894,1.758519855508424
HGNC:5048,HGNC,4.802501657873755,1.758289144883563
HGNC:2552,HGNC,4.799437748351501,1.7577609729139976
MONDO:0016575,MONDO,4.797312944137272,1.7573945247089187
HGNC:9848,HGNC,4.796706671845679,1.7572899410852527
FBBT:00001920,FBBT,4.794168989924156,1.756852065287751
FYPO:0001355,FYPO,4.793805424568077,1.756789316554764
MP:0002064,MP,4.792778703920739,1.756612090784228
MP:0004021,MP,4.792752750269902,1.7566076104285466
GO:0006413,GO,4.792724842309636,1.7566027926797672
ZFIN:ZDB-GENE-071218-4,ZFIN,4.790646536039673,1.7562439496064717
WBBT:0005300,WBBT,4.788499441039213,1.7558730940996288
FBBT:00003624,FBBT,4.787798692769718,1.755752028062412
GO:0050852,GO,4.78696051737467,1.7556071999271055
HGNC:7579,HGNC,4.785502165433148,1.7553551616204435
MONDO:0005070,MONDO,4.785267506421627,1.755314600963165
MONDO:0005105,MONDO,4.782200969134774,1.7547844007097269
HGNC:11960,HGNC,4.782165328065088,1.7547782367628628
HGNC:10313,HGNC,4.7810915789384865,1.7545925193411496
ZFA:0001076,ZFA,4.780303649228598,1.7544562157730148
ZFA:0000092,ZFA,4.779116631415462,1.7542508390692548
HGNC:667,HGNC,4.777703441224908,1.7540062752205983
HGNC:4425,HGNC,4.777497800660849,1.7539706824931716
GO:0031154,GO,4.776081066829214,1.753725436607895
UBERON:0004087,UBERON,4.776067815747021,1.7537231424750324
FBBT:00005559,FBBT,4.771337559275279,1.7529038663549512
HGNC:20525,HGNC,4.770579399551202,1.752772491345432
HGNC:6535,HGNC,4.7670153097572365,1.752154669347497
HGNC:633,HGNC,4.76570275657977,1.7519270468259744
HGNC:10555,HGNC,4.764771426190933,1.7517655043991671
MP:0003009,MP,4.763051516184618,1.7514671115408322
HGNC:7576,HGNC,4.760591483033049,1.7510401574623164
HGNC:6697,HGNC,4.758954884714137,1.7507560146188959
HGNC:8548,HGNC,4.757907160113831,1.7505740684257196
HGNC:4175,HGNC,4.756063352631769,1.7502537953286534
HGNC:12440,HGNC,4.755279061681931,1.750117531299173
HP:0003003,HP,4.75103739186659,1.7493802545130523
GO:0016055,GO,4.749501666842148,1.749113184417341
GO:0006979,GO,4.747928607977879,1.7488395478156857
UBERON:0004360,UBERON,4.747833860376452,1.7488230638979483
MP:0000198,MP,4.747522820417294,1.7487689481418442
HGNC:1480,HGNC,4.74729696221284,1.7487296507524541
GO:0000724,GO,4.7425456158728405,1.7479025991060035
HGNC:9890,HGNC,4.742058564431709,1.7478177809557605
HGNC:14377,HGNC,4.740729050542153,1.7475862145556709
HGNC:11503,HGNC,4.739599202948952,1.74738938262336
EMAPA:35223,EMAPA,4.738963157839018,1.7472785594922757
ZFIN:ZDB-GENE-001205-1,ZFIN,4.738911933740596,1.7472696337811986
HP:0011840,HP,4.735210166093523,1.746624396133683
GO:0006310,GO,4.734410784002491,1.7464850049374427
HP:0012638,HP,4.731114756188417,1.7459100591325922
EMAPA:35112,EMAPA,4.7272594775439645,1.7452371401457816
MONDO:0004994,MONDO,4.725731339490629,1.7449702861708127
HGNC:11100,HGNC,4.7252155988119275,1.744880207912337
MONDO:0020367,MONDO,4.724900476677271,1.7448251653026972
HGNC:10345,HGNC,4.724051393434249,1.7446768402412922
HGNC:2433,HGNC,4.7230367856985715,1.7444995711013227
GO:0007018,GO,4.722560160360407,1.7444162857400287
HGNC:7871,HGNC,4.722335775192961,1.744377074345056
MP:0008078,MP,4.722241654628617,1.7443606262822204
HP:0001761,HP,4.722021753673171,1.7443221963811202
EMAPA:32729,EMAPA,4.72021445824052,1.7440062973882644
HGNC:15511,HGNC,4.713467801636597,1.7428261601002768
HP:0000103,HP,4.713393257350849,1.7428131128976612
ZFA:0000033,ZFA,4.71065040967365,1.7423329243042263
MP:0000592,MP,4.708865820568283,1.742020373564963
GO:0043130,GO,4.708655578923119,1.7419835456689896
HGNC:7997,HGNC,4.7082951547899405,1.7419204072458319
HP:0001133,HP,4.706212772210289,1.7415555413022326
GO:0030317,GO,4.705168357565648,1.7413724934072092
FYPO:0000087,FYPO,4.703021823539932,1.7409961788442556
HGNC:1243,HGNC,4.702243679035167,1.7408597252902727
REACTOME:R-SCE-2162123,REACTOME,4.70221978204091,1.7408555344759764
HGNC:29021,HGNC,4.700745219189733,1.7405969065034734
MP:0011109,MP,4.69674346372536,1.739894689420369
NCBIGENE:2872299,NCBIGENE,4.696601975525294,1.739869852430948
NCBIGENE:2875883,NCBIGENE,4.69377508228364,1.739373487247364
HGNC:8846,HGNC,4.6925447773424045,1.7391573849489583
HGNC:11187,HGNC,4.6880285542513525,1.738363712574723
HGNC:12306,HGNC,4.68786438927822,1.7383348506692957
HGNC:8516,HGNC,4.686079310371846,1.738020961490983
HP:0002829,HP,4.686006049821784,1.7380080772137827
HP:0012865,HP,4.685977381031068,1.7380030352101796
FYPO:0001214,FYPO,4.684621414044988,1.7377645311494974
HGNC:9887,HGNC,4.6832453525098705,1.737522434444795
REACTOME:R-DDI-211945,REACTOME,4.682902057380868,1.7374620278502426
UBERON:0000173,UBERON,4.678990195630457,1.7367734344684587
HGNC:16918,HGNC,4.677764322106452,1.7365575499872274
HGNC:1228,HGNC,4.677481012878643,1.7365076507169765
ZFA:0000217,ZFA,4.67738988651423,1.7364916000960189
GO:0008081,GO,4.677181963132757,1.7364549763669606
MP:0001525,MP,4.6767127998300015,1.736372332778515
HGNC:10312,HGNC,4.67660978142838,1.7363541850687345
GO:0071222,GO,4.674762732111552,1.736028753173882
EMAPA:35961,EMAPA,4.674038449331039,1.7359011127702983
MONDO:0019501,MONDO,4.673214285714292,1.7357558505403223
HGNC:3527,HGNC,4.668471086312271,1.7349194316972734
HGNC:18683,HGNC,4.668422711178767,1.734910897590071
MP:0000715,MP,4.66825521574449,1.734881348292584
GO:0007059,GO,4.668049373308027,1.7348450326775846
HP:0100543,HP,4.6675346222832745,1.734754212297213
HGNC:25994,HGNC,4.664886267790708,1.7342868179837705
HGNC:21535,HGNC,4.664395258426795,1.7342001382833705
UBERON:0001111,UBERON,4.662919045696231,1.7339394917259805
WBBT:0005829,WBBT,4.662144802282294,1.7338027607678976
ZFA:0005277,ZFA,4.661935593640988,1.7337658114291405
HGNC:29012,HGNC,4.660725132289817,1.733551999254585
GO:0015297,GO,4.660649240938855,1.7335385925164168
HGNC:30892,HGNC,4.658893416474722,1.7332283636438635
HGNC:2092,HGNC,4.6579993028333915,1.7330703496615154
HGNC:10416,HGNC,4.655757046375518,1.732673972646133
HGNC:11634,HGNC,4.655133688301391,1.7325637500139144
ZFIN:ZDB-GENE-050419-118,ZFIN,4.65379519726085,1.732327035987266
HGNC:13633,HGNC,4.650860272321788,1.7318077941558099
HGNC:14504,HGNC,4.648594750919948,1.731406797571897
ZFA:0000108,ZFA,4.647879414204453,1.7312801497867571
HP:0002827,HP,4.647871087144522,1.7312786754163858
HP:0003510,HP,4.645598099321514,1.730876144038973
GO:0008201,GO,4.643480548205384,1.7305009936467965
MP:0001614,MP,4.637220962533579,1.729391206935695
MP:0001314,MP,4.6359071045912215,1.7291581113937153
MP:0008261,MP,4.635650737966443,1.729112622273506
HGNC:12517,HGNC,4.635481917834229,1.7290826660770202
HGNC:28866,HGNC,4.631523863503368,1.7283800740005635
HGNC:20194,HGNC,4.627753791536756,1.7277103912335128
HGNC:29830,HGNC,4.625882187554401,1.7273777691364254
HGNC:10385,HGNC,4.625757990472199,1.727355692873722
MP:0008074,MP,4.624866747385785,1.7271972584562485
HGNC:18734,HGNC,4.624768159268561,1.7271797311110422
NCBIGENE:2875987,NCBIGENE,4.621132364016698,1.7265331318687656
ZFA:0001357,ZFA,4.615166608078388,1.7254712597142965
HGNC:4235,HGNC,4.613555210694407,1.7251842462107028
HP:0003829,HP,4.608722662881513,1.7243230042835216
HGNC:10061,HGNC,4.606905072437867,1.7239988868105718
FYPO:0009072,FYPO,4.6059075187425025,1.7238209557714352
HGNC:10348,HGNC,4.605494053004025,1.7237471976893581
HGNC:12012,HGNC,4.603930302317811,1.7234681912664072
HP:0002446,HP,4.6039074399999205,1.7234641115646099
HGNC:14501,HGNC,4.601754192264726,1.7230797973076994
MP:0005567,MP,4.601063847588179,1.7229565524821628
MP:0004811,MP,4.600742260334961,1.7228991354459797
EMAPA:26942,EMAPA,4.598190873566203,1.7224434872547827
HGNC:16028,HGNC,4.596395187721059,1.7221226739883135
HGNC:1034,HGNC,4.592884892774979,1.7214952350403228
HGNC:15911,HGNC,4.588134469345965,1.720645505053996
HGNC:2745,HGNC,4.583193071146248,1.7197608477016668
HGNC:4854,HGNC,4.579424099536665,1.719085563098571
HGNC:3763,HGNC,4.57339687006723,1.7180047190551448
HGNC:9179,HGNC,4.573069164227421,1.7179459191020665
HGNC:5046,HGNC,4.571899276123725,1.7177359789637423
GO:0006606,GO,4.570335085974865,1.7174552111916235
HGNC:15837,HGNC,4.568393433037406,1.7171065802049161
HP:0100767,HP,4.564071800060228,1.7163301783740943
ZFIN:ZDB-GENE-070117-2385,ZFIN,4.561116726652814,1.7157989382122192
HGNC:6442,HGNC,4.560228627539389,1.7156392274781256
HGNC:10302,HGNC,4.55821242623415,1.7152765504953387
HGNC:10774,HGNC,4.558114416969697,1.71525891710513
HP:0000678,HP,4.557813509286562,1.715204777192528
HGNC:10299,HGNC,4.55472135673317,1.7146482610293883
HGNC:15714,HGNC,4.553941309275178,1.7145078215394647
HGNC:9928,HGNC,4.552681743962312,1.7142810081665378
HP:0012368,HP,4.550346797141577,1.7138604117776315
ZFIN:ZDB-GENE-041001-109,ZFIN,4.547867728933994,1.7134136609524442
HP:0002910,HP,4.547837953472931,1.7134082939281348
MP:0006042,MP,4.547215364905404,1.7132960657936114
MP:0001415,MP,4.542867537229174,1.7125119728454608
GO:0007596,GO,4.537947450166011,1.7116239357485332
HP:0000766,HP,4.537485396489192,1.7115404981649218
HGNC:84,HGNC,4.5371318645111085,1.7114766527118699
HGNC:29484,HGNC,4.533636481576144,1.7108451910207132
HP:0001762,HP,4.53162607862478,1.710481819078557
HP:0000481,HP,4.52963783105131,1.7101223217171126
HGNC:785,HGNC,4.529512827764135,1.7100997154083577
HGNC:19353,HGNC,4.528602541825948,1.709935078685043
HGNC:6877,HGNC,4.526895081110466,1.7096261896983516
MP:0002085,MP,4.526671188567015,1.7095856792353898
MP:0002216,MP,4.52502407861007,1.7092876055137896
EMAPA:17639,EMAPA,4.524798413540647,1.7092467605011905
WBBT:0005741,WBBT,4.519953462127623,1.7083694294794836
HGNC:2343,HGNC,4.519790905916629,1.7083399802086332
EMAPA:32860,EMAPA,4.51599077519436,1.7076512875573508
HGNC:10349,HGNC,4.515889320559147,1.707632894566431
EMAPA:31857,EMAPA,4.515721910196347,1.7076025435398563
HGNC:19368,HGNC,4.514221202770059,1.7073304283675153
HGNC:11390,HGNC,4.511356273060408,1.7068107404363553
HP:0000964,HP,4.510870693986307,1.7067226313680395
HGNC:1663,HGNC,4.509958132538392,1.7065570246855721
GO:0015074,GO,4.508711746712148,1.7063307930541287
ZFA:0000548,ZFA,4.508055509508805,1.7062116587947118
ZFA:0000022,ZFA,4.507949973258467,1.7061924982649705
EMAPA:16098,EMAPA,4.507338532806943,1.7060814815717964
NCBIGENE:2875927,NCBIGENE,4.506892684453075,1.7060005229746293
GO:0031175,GO,4.506220684152362,1.7058784865841816
MONDO:0004980,MONDO,4.504917976193281,1.7056418701895757
GO:0007417,GO,4.504269289889156,1.7055240256495205
HGNC:14480,HGNC,4.501767994006168,1.7050694940389997
HGNC:30859,HGNC,4.501222660534378,1.7049703694483571
REACTOME:R-DDI-5689880,REACTOME,4.5007571675475155,1.7048857495900382
WB:WBGene00016542,WB,4.500427716127556,1.7048258557834088
HGNC:9302,HGNC,4.498007446726213,1.7043857441848818
EMAPA:32812,EMAPA,4.4971004360614755,1.704220759779733
REACTOME:R-DDI-9749641,REACTOME,4.495506348661138,1.703930730773378
UBERON:0001157,UBERON,4.4951142730681495,1.7038593834661333
HGNC:21173,HGNC,4.4919606928262255,1.7032853307108158
HGNC:9069,HGNC,4.488214718103622,1.702603014677102
HGNC:20772,HGNC,4.488212424758869,1.7026025968098446
HGNC:5035,HGNC,4.486599702137857,1.7023087015496847
HGNC:1925,HGNC,4.485569313901256,1.7021208830357477
MONDO:0007356,MONDO,4.484351677656729,1.7018988875901169
HP:0001311,HP,4.4836351564122285,1.701768230751016
EMAPA:16706,EMAPA,4.483288749903764,1.701705057793578
HGNC:2908,HGNC,4.481513346477321,1.70138122095159
HGNC:25568,HGNC,4.480269231346072,1.701154229560772
HGNC:10697,HGNC,4.479046545919111,1.7009310978512961
HGNC:16472,HGNC,4.477624121795739,1.7006714525311983
WB:WBGene00044191,WB,4.477554421052926,1.7006587278197678
HP:0000592,HP,4.475401700955902,1.7002656430487226
HGNC:9009,HGNC,4.4739019038805985,1.699991690085354
MP:0001861,MP,4.473790557940154,1.6999713486406456
HGNC:15631,HGNC,4.472605027844214,1.69975474216205
HP:0008872,HP,4.472287453371613,1.6996967106239176
MP:0008567,MP,4.468951836202881,1.6990869776341178
HP:0011675,HP,4.468777207706721,1.6990550462349263
MP:0001805,MP,4.467441518964303,1.6988107773916556
HGNC:10383,HGNC,4.466042626010114,1.698554885867367
HGNC:30529,HGNC,4.4616654387549195,1.697753768659009
EMAPA:16744,EMAPA,4.4615250403974365,1.6977280621847406
MP:0005578,MP,4.4610054498882965,1.6976329211347807
HGNC:30287,HGNC,4.459846239613232,1.6974206281172806
HGNC:11799,HGNC,4.4593846908802925,1.6973360894284018
HGNC:14000,HGNC,4.4564496017175115,1.6967983221529301
HGNC:950,HGNC,4.455857046021616,1.69668971895553
HP:0000093,HP,4.45480777384899,1.6964973801396679
HGNC:4396,HGNC,4.454192361004352,1.6963845535125375
HGNC:3300,HGNC,4.452408450671636,1.696057428612777
HGNC:2551,HGNC,4.450648551576112,1.6957346018843749
HGNC:1499,HGNC,4.4476419906498235,1.6951828527837407
UBERON:0002476,UBERON,4.442189847696296,1.6941815254005426
HGNC:166,HGNC,4.440998518486583,1.6939625952167787
MONDO:0005468,MONDO,4.440477991756604,1.6938669231395775
HGNC:30306,HGNC,4.439268826901381,1.6936446450148461
EMAPA:17000,EMAPA,4.438438864292415,1.693492046207425
HP:0000952,HP,4.43827980156475,1.693462797914339
HGNC:19185,HGNC,4.437786456889305,1.6933720767539377
GO:0051213,GO,4.437070373697917,1.6932403815594947
GO:0007409,GO,4.435574756699262,1.6929652659845538
GO:0042147,GO,4.432569463511911,1.6924122197232865
MP:0001261,MP,4.432397921736995,1.6923806426795922
MP:0003674,MP,4.430902822317318,1.69210538574538
HGNC:17994,HGNC,4.428336718814771,1.691632773728564
GO:0003697,GO,4.426924780200565,1.6913726346941802
HGNC:12651,HGNC,4.426735421032272,1.691337741549416
HGNC:4392,HGNC,4.426693704168236,1.6913300542344567
UBERON:0002030,UBERON,4.4255170435379645,1.6911132024496476
GO:0043025,GO,4.423886532285041,1.69081263085531
HGNC:833,HGNC,4.4224614271872165,1.6905498502195881
FBBT:00001778,FBBT,4.419559867480686,1.690014606892363
HGNC:10372,HGNC,4.417769234075688,1.6896841503002427
HGNC:4319,HGNC,4.4174691367364,1.6896287574553241
UBERON:0005384,UBERON,4.409660788657788,1.6881863900899856
HP:0000358,HP,4.407382077245569,1.6877650713480383
HGNC:4576,HGNC,4.406833021153211,1.6876635279465368
HGNC:4274,HGNC,4.405134708993429,1.6873493738136098
HGNC:3599,HGNC,4.403315497032523,1.687012746093001
MONDO:0005567,MONDO,4.402701736646476,1.6868991500523072
HGNC:5981,HGNC,4.402587303041774,1.6868779690169298
HGNC:10672,HGNC,4.400415246576371,1.6864758481279092
GO:0007338,GO,4.400070246507059,1.6864119620980358
HGNC:19071,HGNC,4.399145310472147,1.6862406652047952
HGNC:24042,HGNC,4.398517078483421,1.686124300760936
REACTOME:R-GGA-198933,REACTOME,4.396194731200619,1.685694025759699
MONDO:0005338,MONDO,4.39539703503888,1.6855461891512598
HGNC:10249,HGNC,4.390040176437697,1.6845528387776707
HGNC:14476,HGNC,4.386229582685972,1.6838456193045641
HGNC:13723,HGNC,4.384363190670124,1.6834990474725762
GO:0007169,GO,4.3837349175034435,1.6833823558969456
HGNC:3213,HGNC,4.382474798856634,1.6831482681937033
MP:0001823,MP,4.382232043488603,1.6831031661074827
NCBIGENE:2875910,NCBIGENE,4.380780554628986,1.6828334481534832
FBBT:00001919,FBBT,4.37982508102009,1.682655860823595
ZFA:0000026,ZFA,4.378561573454271,1.682420972896212
HP:0000618,HP,4.377842311789083,1.6822872364404349
HGNC:6871,HGNC,4.377114546142059,1.6821519005840948
UBERON:0002407,UBERON,4.376383205431115,1.6820158814526518
HP:0000774,HP,4.3758508488047285,1.6819168589380493
HGNC:7373,HGNC,4.374587754615787,1.6816818742567077
MP:0003059,MP,4.374305278496126,1.6816293151478106
FBBT:00000489,FBBT,4.374127341498438,1.6815962057626574
EMAPA:19279,EMAPA,4.371582919800851,1.6811226359969986
HGNC:11117,HGNC,4.371018301285924,1.6810175183436804
HGNC:28868,HGNC,4.370449358030317,1.6809115843551077
MP:0001806,MP,4.370396609060855,1.6809017622294344
HGNC:2558,HGNC,4.370102834178777,1.6808470580913812
HGNC:9554,HGNC,4.368518027023281,1.680551897811959
HGNC:2422,HGNC,4.367062035173868,1.680280651759132
HGNC:5187,HGNC,4.36629696560724,1.6801380925532265
HGNC:9910,HGNC,4.365699957479855,1.680026834949953
GO:0007154,GO,4.3624995078950874,1.6794301924863153
HGNC:10413,HGNC,4.362437031853574,1.679418541873506
HGNC:6107,HGNC,4.360853773282341,1.6791232484581713
GO:0005267,GO,4.360091008444143,1.678980954125906
HGNC:11155,HGNC,4.357224554066818,1.678446033897243
GO:0000324,GO,4.356949746274383,1.6783947359092148
GO:0042048,GO,4.355646736122707,1.6781514689925074
HGNC:7618,HGNC,4.353631691413823,1.677775151438286
ZFA:0000151,ZFA,4.351767032989496,1.6774267929154159
HP:0000738,HP,4.348625717218181,1.6768396526234866
GO:0032543,GO,4.3426678174413365,1.6757251194990774
REACTOME:R-SCE-9757110,REACTOME,4.340972234127941,1.675407702716137
GO:0001666,GO,4.338840978823527,1.6750085842502596
HGNC:4173,HGNC,4.337854726772801,1.6748238356949525
HP:0001719,HP,4.335689026571899,1.6744180285364922
HGNC:2553,HGNC,4.335550436832111,1.6743920540955155
HGNC:8760,HGNC,4.33452951533861,1.6742006925497364
HGNC:11049,HGNC,4.332023157800389,1.673730745480397
HGNC:16696,HGNC,4.3311399372703745,1.6735650872185548
HGNC:12669,HGNC,4.330565374652654,1.6734573065959495
HGNC:2198,HGNC,4.329797546585585,1.6733132537013022
HGNC:5033,HGNC,4.328984487070442,1.6731606922708964
HGNC:8554,HGNC,4.328846309042637,1.6731347624113488
HGNC:9968,HGNC,4.328203786479971,1.6730141807198515
EMAPA:35905,EMAPA,4.327442488548243,1.6728712897279072
HGNC:9801,HGNC,4.325830394200202,1.6725686420105177
MP:0001800,MP,4.325712985208457,1.6725465965683564
HGNC:6110,HGNC,4.322658266125778,1.6719728526418205
HGNC:26617,HGNC,4.322246531895431,1.671895494649736
HGNC:877,HGNC,4.32058639173032,1.6715835212887917
EMAPA:31864,EMAPA,4.318516132082829,1.6711943419066049
HGNC:359,HGNC,4.318398315152064,1.6711721894428702
HGNC:5173,HGNC,4.317069999093823,1.6709223995839002
GO:0007267,GO,4.315769311180425,1.670677744721369
EMAPA:35890,EMAPA,4.314511720875082,1.6704411394411478
HGNC:7652,HGNC,4.31120198974056,1.6698181730538164
MP:0009703,MP,4.3096420495761345,1.6695244223556858
HGNC:11387,HGNC,4.306271645428141,1.66888945030183
EMAPA:17743,EMAPA,4.305938912075024,1.668826742659266
HGNC:31862,HGNC,4.303911844771106,1.6684446322271709
HP:0008936,HP,4.301932400423153,1.6680713579596682
HP:0000311,HP,4.300676966361137,1.6678345419034593
MONDO:0009889,MONDO,4.299774219094655,1.6676642194798432
GO:0007030,GO,4.298578868761684,1.6674386466331697
HGNC:24678,HGNC,4.295881480765091,1.6669294393746807
HGNC:4191,HGNC,4.2938176153908545,1.6665396520196996
HGNC:6204,HGNC,4.292107759900186,1.6662166088383206
HGNC:537,HGNC,4.291413081872499,1.6660853334264665
HGNC:24948,HGNC,4.290874398944044,1.6659835250169148
HGNC:5960,HGNC,4.290801932737411,1.6659698284712328
HGNC:3594,HGNC,4.289392827667737,1.665703461904281
HGNC:2746,HGNC,4.288028010010452,1.6654453994359715
HGNC:20893,HGNC,4.284452962479338,1.6647691063924226
HGNC:12825,HGNC,4.283257680553461,1.6645428924145138
HP:0002063,HP,4.281133726913839,1.6641407956753231
MP:0010402,MP,4.278757691896691,1.663690784408538
REACTOME:R-CEL-381426,REACTOME,4.275177650120144,1.6630123565429422
GO:0007265,GO,4.27458366822273,1.662899750791946
MP:0002145,MP,4.274225012597712,1.6628317515256765
HGNC:14294,HGNC,4.273593217318528,1.662711955134391
HGNC:5224,HGNC,4.268415375231673,1.6617296295258002
HP:0002373,HP,4.267114623254134,1.6614827027960892
HGNC:6141,HGNC,4.265732441972153,1.6612202511946645
MONDO:0010604,MONDO,4.263010839366756,1.660703265910991
MP:0000564,MP,4.261364646702397,1.6603904316378384
HGNC:4284,HGNC,4.260411458488398,1.6602092477375012
GO:0003755,GO,4.258224818588391,1.6597934828276961
GO:0016503,GO,4.257393794391872,1.6596354276092948
HGNC:115,HGNC,4.255447659590167,1.6592651880632208
HGNC:14042,HGNC,4.254779246507454,1.65913799517013
HGNC:11119,HGNC,4.253831547393315,1.658957628966586
HGNC:3661,HGNC,4.25369120539848,1.6589309162964077
HGNC:9283,HGNC,4.251494643790261,1.6585127301411575
HGNC:8021,HGNC,4.250844439169821,1.6583889092254294
HP:0001284,HP,4.250707174699912,1.65836276747515
UBERON:0013473,UBERON,4.250704179067733,1.6583621969552307
HGNC:8620,HGNC,4.248211755025046,1.657887400489547
HGNC:11275,HGNC,4.247523026949201,1.6577561608781923
ZFA:0001064,ZFA,4.2475063513999345,1.6577529830787474
GO:0006749,GO,4.246800524175735,1.6576184668627396
HGNC:3262,HGNC,4.24677510146296,1.6576136214766324
ZFIN:ZDB-GENE-000705-1,ZFIN,4.244289324079543,1.6571397367821712
HGNC:12401,HGNC,4.244051672338493,1.6570944194643662
HGNC:8971,HGNC,4.243817673033554,1.657049796615383
MP:0000222,MP,4.243711916216413,1.6570296285069177
HGNC:17441,HGNC,4.241410991063913,1.6565907351892555
HP:0002591,HP,4.241319278484493,1.6565732373471735
HGNC:30793,HGNC,4.240650681620136,1.6564456665054694
GO:0045296,GO,4.240284713833011,1.6563758315578307
HGNC:14278,HGNC,4.239677584278261,1.6562599667220308
HGNC:7105,HGNC,4.237408139567319,1.6558267461096863
HGNC:9751,HGNC,4.236173105913229,1.6555909082179723
HGNC:15472,HGNC,4.235632636033538,1.655487684400898
MP:0002118,MP,4.233314795402143,1.6550448814000336
HGNC:561,HGNC,4.229881845280959,1.6543886860971526
GO:0000281,GO,4.229577121687823,1.654330418533948
HGNC:10770,HGNC,4.229576616593615,1.6543303219498036
HGNC:5041,HGNC,4.228543943489732,1.6541328346285766
GO:0007286,GO,4.227912124083828,1.6540119869144774
HP:0010049,HP,4.2269641620568095,1.6538306433952101
HP:0002938,HP,4.226279831113449,1.6536997116108214
NCBIGENE:482788,NCBIGENE,4.225345443105953,1.6535209091785736
MP:0008873,MP,4.225280504002475,1.6535084813864382
HGNC:3778,HGNC,4.224304253389125,1.653321631738561
HGNC:6038,HGNC,4.223329089957909,1.653134955311087
HGNC:1071,HGNC,4.223254458339197,1.6531206670763987
HGNC:4093,HGNC,4.222800229895394,1.6530337005693976
HGNC:10681,HGNC,4.221919822067493,1.6528651162845904
HGNC:6859,HGNC,4.2210058715847145,1.6526900790369985
HGNC:1455,HGNC,4.220665346295147,1.652624854748169
HGNC:15446,HGNC,4.220564169978032,1.6526054745943357
HP:0001899,HP,4.218847836907687,1.6522766566331943
HGNC:25517,HGNC,4.218557676747451,1.6522210565781936
HGNC:144,HGNC,4.21757966186286,1.6520336280582881
HGNC:14049,HGNC,4.2165692427644474,1.6518399526352505
UBERON:0002349,UBERON,4.215907503063629,1.6517130911587614
HGNC:30092,HGNC,4.215643236269413,1.6516624243306213
EMAPA:18024,EMAPA,4.2149513259462905,1.65152975493771
HGNC:4023,HGNC,4.213275613875102,1.6512083748804325
HGNC:18672,HGNC,4.212134776964931,1.6509895179008114
HP:0012735,HP,4.2102284210521965,1.6506236976165294
MP:0000242,MP,4.2097795209611375,1.6505375364362624
HGNC:6395,HGNC,4.208906069354493,1.650369866224676
HGNC:11986,HGNC,4.207134034685894,1.6500296150989133
UBERON:0001235,UBERON,4.206954477529194,1.6499951315900574
HGNC:12363,HGNC,4.206247274565867,1.649859303440128
HGNC:2468,HGNC,4.202363062503999,1.6491129574599472
GO:0006805,GO,4.2022598037009455,1.6490931088206675
HGNC:9101,HGNC,4.201069608744773,1.648864298424653
HGNC:14050,HGNC,4.199393310611416,1.648541947744521
HGNC:30074,HGNC,4.198817518642752,1.6484311994670127
HGNC:6001,HGNC,4.198487556913421,1.648367728841299
MP:0004502,MP,4.19810146374092,1.6482934557942617
HGNC:7546,HGNC,4.194846432302897,1.6476670634410984
MP:0000774,MP,4.192870054910268,1.647286541423789
HGNC:28313,HGNC,4.190525534009721,1.6468349510128653
HGNC:1578,HGNC,4.188438549928736,1.6464327944792778
GO:0051603,GO,4.186067641539188,1.6459757301357678
REACTOME:R-SCE-8980692,REACTOME,4.185694163812611,1.6459037119514424
HGNC:12407,HGNC,4.185477675133807,1.6458619637898657
GO:0016758,GO,4.182083452409363,1.6452071862961126
HGNC:8537,HGNC,4.1820086463285815,1.6451927506697075
HGNC:2744,HGNC,4.181767935398551,1.645146298311694
HGNC:7448,HGNC,4.17844280383867,1.644504394057476
HGNC:7714,HGNC,4.174884777203711,1.6438170736289126
HGNC:10380,HGNC,4.173798483008488,1.6436071349977075
HGNC:17136,HGNC,4.17282643595516,1.6434192385457143
FYPO:0000684,FYPO,4.172444079102093,1.643345319385711
HP:0002088,HP,4.1712688910642335,1.6431180918811763
HGNC:8783,HGNC,4.169577811359021,1.6427910239400394
HGNC:17383,HGNC,4.168779409154524,1.6426365695738274
GO:0042605,GO,4.167050817215758,1.6423020842123182
HGNC:2974,HGNC,4.166921370075709,1.6422770314760209
UBERON:0001133,UBERON,4.166871638567034,1.6422674064508953
HGNC:20778,HGNC,4.166394997354944,1.642175152717546
HGNC:6768,HGNC,4.164211668742265,1.6417524614437893
HGNC:9829,HGNC,4.163808219771556,1.6416743343729143
HGNC:12757,HGNC,4.162924537199257,1.6415031897146275
HGNC:1582,HGNC,4.162059276718892,1.6413355845158233
HGNC:9954,HGNC,4.161335512464281,1.6411953662503056
ZFIN:ZDB-GENE-031001-2,ZFIN,4.161052855109159,1.641140600367619
HGNC:16841,HGNC,4.160778740894157,1.6410874868843157
REACTOME:R-DDI-913709,REACTOME,4.16031248963092,1.6409971376657806
HGNC:12613,HGNC,4.157281534649839,1.6404096062972973
HGNC:8818,HGNC,4.157279918179864,1.640409292862745
MONDO:0013144,MONDO,4.155646191085882,1.6400924619089812
MP:0001921,MP,4.153669842215461,1.6397090516248753
UBERON:0002450,UBERON,4.152007461706122,1.6393864371135274
HGNC:12853,HGNC,4.1505019634420774,1.639094178555416
HGNC:2159,HGNC,4.1502855835688655,1.6390521662583455
MP:0008495,MP,4.15020001941902,1.639035552643581
RGD:2323948,RGD,4.149571509703858,1.6389135092149154
HGNC:6735,HGNC,4.148850426398004,1.638773471583615
HGNC:6014,HGNC,4.148495384079154,1.6387045135578238
HGNC:24534,HGNC,4.147610611038413,1.6385326479916886
HGNC:6898,HGNC,4.146946605949897,1.6384036467970882
MP:0000410,MP,4.146896294665792,1.6383938717724271
HGNC:30696,HGNC,4.146270684194797,1.638272313369061
MP:0020421,MP,4.143878487147588,1.6378073644066173
HGNC:4429,HGNC,4.138865708878578,1.6368323759073324
EMAPA:16715,EMAPA,4.13847092997185,1.6367555507685254
NCBIGENE:2875930,NCBIGENE,4.136971743460664,1.6364637508783466
HGNC:23505,HGNC,4.136308740188142,1.636334677545929
HGNC:2434,HGNC,4.133247926847815,1.635738582986018
HGNC:6731,HGNC,4.128697083308069,1.634851647062356
HGNC:6047,HGNC,4.128069113227817,1.6347291971460758
HGNC:10359,HGNC,4.127893949955444,1.6346950388186108
HGNC:10588,HGNC,4.127146137980546,1.634549195999897
HGNC:9138,HGNC,4.125785307513637,1.6342837440202103
HGNC:30654,HGNC,4.125685737977015,1.6342643186058121
MONDO:0001126,MONDO,4.124580299251974,1.634048628842188
HGNC:12854,HGNC,4.124452543890211,1.634023698614385
HGNC:10340,HGNC,4.124001241551947,1.6339356263357752
MP:0008515,MP,4.123908376780838,1.6339175026843047
HGNC:5383,HGNC,4.123360851777074,1.6338106400671386
GO:0000902,GO,4.122667595405963,1.633675318098096
HGNC:7782,HGNC,4.118951342566278,1.6329496021687506
HGNC:6693,HGNC,4.115592610603523,1.6322932500931326
FBBT:00005606,FBBT,4.114792907109235,1.6321369112152808
HGNC:7765,HGNC,4.113578263480914,1.6318994064134362
HGNC:11101,HGNC,4.111217349750636,1.6314376047576302
HGNC:5977,HGNC,4.110663580560719,1.6313292549941698
HGNC:6181,HGNC,4.110086572786968,1.6312163459090818
HGNC:6400,HGNC,4.108805599411459,1.630965639010402
HGNC:9611,HGNC,4.10844249169507,1.630894561610048
HGNC:6638,HGNC,4.106805576472905,1.6305740769335622
HGNC:7525,HGNC,4.1053871206721215,1.6302962804109207
MONDO:0007064,MONDO,4.104396487936644,1.6301022248311825
HGNC:8976,HGNC,4.102481428544244,1.629726976017482
HGNC:4390,HGNC,4.102469737469175,1.6297246847620162
UBERON:0006483,UBERON,4.101999579272664,1.6296325372563987
HGNC:10680,HGNC,4.100847719001687,1.6294067453294598
HGNC:3363,HGNC,4.099302507426268,1.6291037671275828
EMAPA:19037,EMAPA,4.098113826295991,1.628870633342169
HGNC:5382,HGNC,4.097958983489202,1.6288402603133196
HGNC:9237,HGNC,4.097828864683236,1.6288147362816485
HP:0011304,HP,4.097584530712175,1.6287668061072393
REACTOME:R-DDI-156584,REACTOME,4.097020858027941,1.628656223566118
HGNC:6950,HGNC,4.096359038339421,1.6285263707211974
HGNC:4803,HGNC,4.094760704021434,1.6282126987456933
MP:0000445,MP,4.094695883389091,1.6281999756663441
HGNC:29931,HGNC,4.09436466975713,1.6281349620901955
FYPO:0000708,FYPO,4.094275712424461,1.6281175000286574
GO:0030435,GO,4.093453747246836,1.6279561362659736
HGNC:12469,HGNC,4.0934185799143625,1.6279492318243856
MP:0011097,MP,4.092287502636578,1.6277271407345257
HGNC:11848,HGNC,4.092225453242023,1.6277149556855548
HGNC:5232,HGNC,4.0920683610450155,1.6276841057906313
HGNC:11366,HGNC,4.090816711005361,1.6274382717196185
GO:0006950,GO,4.090150698995909,1.6273074369995806
HGNC:6155,HGNC,4.089678110918127,1.62721458905745
HGNC:30045,HGNC,4.088881707430276,1.6270581025792665
UBERON:0001166,UBERON,4.088592706079865,1.6270013102280905
HP:0001939,HP,4.08730858680354,1.6267489258453844
HP:0025548,HP,4.08632916046777,1.626556383833741
HGNC:4324,HGNC,4.086293266338901,1.6265493268277176
HGNC:10311,HGNC,4.086086879562026,1.6265087489543109
ZFA:0000761,ZFA,4.081640079298689,1.6256340597411085
HGNC:19910,HGNC,4.078655802273865,1.625046620724484
UBERON:0002031,UBERON,4.078596839219128,1.6250350106844822
HGNC:30377,HGNC,4.078013697208123,1.6249201806416143
HGNC:18476,HGNC,4.0771894138648666,1.6247578434956111
HGNC:23393,HGNC,4.075190925569853,1.6243641450221478
GO:0005544,GO,4.07509360289402,1.624344968677768
HGNC:7176,HGNC,4.073468678249195,1.6240247411196773
HP:0002960,HP,4.073011012325538,1.6239345293540355
HGNC:9559,HGNC,4.072406196183073,1.6238152999264523
HGNC:1682,HGNC,4.070742922895785,1.6234873399837029
MONDO:0005618,MONDO,4.070690802256033,1.6234770612319673
MP:0004022,MP,4.070410195571794,1.6234217207547605
HGNC:17416,HGNC,4.070240555166646,1.6233882632559602
FBBT:00005607,FBBT,4.066796187318831,1.6227087021439972
HGNC:8912,HGNC,4.066217208974781,1.622594426494289
HP:0002716,HP,4.06453747369186,1.6222628154049026
MP:0001973,MP,4.062825578125033,1.6219247420931486
GO:0004553,GO,4.061670886272938,1.6216966434689528
ZFA:0001428,ZFA,4.060388538909755,1.621443266697255
EMAPA:17635,EMAPA,4.059541133886206,1.6212757941845146
NCBIGENE:2869171,NCBIGENE,4.059049325952863,1.6211785854012
HP:0001892,HP,4.05815630779441,1.6210020508534009
GO:0008083,GO,4.056417257246208,1.620658180584594
HGNC:6388,HGNC,4.055361450152218,1.6204493534082132
GO:0042127,GO,4.054232378342752,1.6202259870033278
HGNC:8469,HGNC,4.053509575612691,1.6200829673784531
MONDO:0010030,MONDO,4.052611728413776,1.619905283542238
GO:0050821,GO,4.05214449891233,1.6198128063975614
HGNC:6192,HGNC,4.051648532731658,1.6197146321417115
MP:0003141,MP,4.050933541779518,1.6195730859611293
HGNC:6971,HGNC,4.050825601486007,1.6195517153677534
HGNC:4216,HGNC,4.0488718999058655,1.61916483217561
MONDO:0005265,MONDO,4.047710460923039,1.6189347664075229
HGNC:2095,HGNC,4.047117797736113,1.6188173472355625
HGNC:14052,HGNC,4.045438368761786,1.6184845417575209
HGNC:8522,HGNC,4.044748750656314,1.6183478509115763
HP:0005978,HP,4.042807313022206,1.6179629335647336
HGNC:6150,HGNC,4.042411496886873,1.6178844392567773
HGNC:9282,HGNC,4.038522190580921,1.6171128229324365
HGNC:4201,HGNC,4.036045074443559,1.61662106658755
HGNC:30626,HGNC,4.0353809931717315,1.6164891922594593
WB:WBGene00015299,WB,4.034426987098371,1.6162997137553838
HGNC:10767,HGNC,4.033456280595078,1.616106881462738
MP:0005166,MP,4.033110428649422,1.6160381684733383
HP:0011804,HP,4.0329770440700425,1.6160116667009765
HGNC:16264,HGNC,4.032285546569328,1.615874263926717
HGNC:6149,HGNC,4.030500475425189,1.6155194772584995
FYPO:0000097,FYPO,4.030189379019159,1.6154576333073134
GO:0004402,GO,4.02963540040316,1.6153474964751706
HGNC:7775,HGNC,4.0285025429967405,1.6151222346190328
MP:0005013,MP,4.0283877638767125,1.6150994086526493
GO:0006334,GO,4.027094893062059,1.6148422612106246
HGNC:5464,HGNC,4.026075022696048,1.6146393659292246
HP:0000403,HP,4.0257303491038074,1.614570786489089
HGNC:9177,HGNC,4.0237886665293665,1.6141843634979822
HP:0000519,HP,4.02308579661421,1.6140444453734188
HGNC:5233,HGNC,4.022317861756316,1.6138915525907083
HGNC:8727,HGNC,4.021427490637797,1.6137142539656213
HGNC:1388,HGNC,4.020296584598867,1.6134890125558319
HGNC:29925,HGNC,4.019611713202797,1.6133525827445592
MP:0005659,MP,4.0177630828630715,1.6129842333707065
HGNC:590,HGNC,4.0167399133424295,1.6127803030864514
MP:0001326,MP,4.014254900329754,1.6122848361642423
MP:0009766,MP,4.013105879884143,1.612055659120387
HGNC:18629,HGNC,4.012801914456691,1.6119950231293567
HGNC:8528,HGNC,4.009582702654371,1.6113526187443696
HGNC:9068,HGNC,4.009097342539796,1.6112557277142607
HP:0003774,HP,4.008149296963391,1.6110664450474055
HGNC:6551,HGNC,4.007550269844821,1.6109468274180452
HGNC:971,HGNC,4.0074716943552335,1.6109311358918816
FYPO:0000059,FYPO,4.0072754318542705,1.6108919411926017
HGNC:14502,HGNC,4.003975392677709,1.6102326750621396
GO:0000149,GO,4.00392072206024,1.6102217495655433
EMAPA:17612,EMAPA,4.002590884779431,1.6099559551826679
HGNC:11827,HGNC,4.000520769097414,1.6095420608299507
HP:0011461,HP,3.998906206065641,1.609219129716035
UBERON:0000998,UBERON,3.997367844896386,1.6089113427999187
HGNC:11730,HGNC,3.995649764589974,1.6085674866414528
HGNC:1919,HGNC,3.9917827567385498,1.6077931118386382
HGNC:4617,HGNC,3.9898457492490538,1.6074049973115048
HP:0025547,HP,3.989572174083995,1.6073501694313161
ZFA:0009000,ZFA,3.989455926066029,1.6073268709664146
HGNC:9585,HGNC,3.9880335163705984,1.6070417471958962
HGNC:924,HGNC,3.987517318270863,1.6069382545449635
HGNC:7881,HGNC,3.9867776614643233,1.606789941945547
HGNC:16265,HGNC,3.985899934007705,1.6066139155072143
REACTOME:R-BTA-8957275,REACTOME,3.985069387308547,1.6064473225362979
HGNC:7629,HGNC,3.9847512827834786,1.606383509046426
MP:0002206,MP,3.983451803117779,1.6061227840869
HGNC:29944,HGNC,3.981934613016248,1.6058182921083857
MP:0003731,MP,3.981475221260134,1.6057260763380659
HGNC:830,HGNC,3.9804001919818495,1.6055102476435956
MP:0000267,MP,3.978979309101761,1.6052249120181032
HGNC:14276,HGNC,3.978885491268499,1.6052060690562544
HGNC:1833,HGNC,3.978589832278256,1.605146684728255
ZFA:0000086,ZFA,3.978132873061519,1.6050548956465298
MP:0002144,MP,3.977635624296854,1.604955004058008
HP:0001402,HP,3.976908609403687,1.6048089371206593
HP:0011800,HP,3.9763442580940898,1.6046955367443771
HGNC:17896,HGNC,3.975901441860078,1.604606548540578
MP:0002834,MP,3.9757975806334462,1.6045856754763101
ZFA:0000471,ZFA,3.9754677188554814,1.6045193800318298
HGNC:18437,HGNC,3.9753941628389353,1.6045045961834712
HGNC:10780,HGNC,3.9753391334166017,1.604493535808181
MONDO:0005192,MONDO,3.975,1.604425370610556
FBBT:00000057,FBBT,3.973621437991056,1.6041482343205968
MP:0002906,MP,3.9732866577375066,1.6040809208900404
HGNC:1504,HGNC,3.9726714934802567,1.6039572195334328
GO:0008360,GO,3.970765821210616,1.6035739170128533
GO:1990830,GO,3.968200093675788,1.6030576203248892
HGNC:6524,HGNC,3.967477566194608,1.6029121793178058
HP:0003687,HP,3.966247616140979,1.602664548134672
FYPO:0001097,FYPO,3.9661589464545983,1.6026466935118624
HGNC:11389,HGNC,3.9659533664738618,1.6026052964808406
EMAPA:32889,EMAPA,3.965888959241388,1.602592326634892
HGNC:12632,HGNC,3.9617808450475698,1.601764717637154
EMAPA:16367,EMAPA,3.959164824380833,1.6012373443776813
HGNC:6021,HGNC,3.957497795328296,1.6009011366973018
EMAPA:17968,EMAPA,3.953014933811109,1.5999964687057564
GO:0008202,GO,3.947682375215471,1.5989192599102862
HGNC:823,HGNC,3.947582641251749,1.5988991019936343
HGNC:11393,HGNC,3.946293832957522,1.5986385755346924
MGI:1097686,MGI,3.9461497055725814,1.598609436650171
HGNC:16856,HGNC,3.9454614131196406,1.5984702697448425
HP:0002673,HP,3.944019851730907,1.5981787354650683
GO:0008757,GO,3.943274415649621,1.5980279487963318
HP:0011990,HP,3.941480048175727,1.5976648912211193
FYPO:0009073,FYPO,3.940345769113787,1.5974353224981133
GO:0043410,GO,3.9402658758554168,1.5974191507748956
HGNC:7727,HGNC,3.9401530469741046,1.5973963118887717
HGNC:23594,HGNC,3.9401322159347383,1.5973920952009308
WBBT:0005451,WBBT,3.9396630194083873,1.5972971141784447
HGNC:6866,HGNC,3.939591366279761,1.5972826084018281
HGNC:6601,HGNC,3.938959754905143,1.597154733095474
HGNC:10802,HGNC,3.938505883569448,1.5970628327330478
HGNC:9404,HGNC,3.93714500449316,1.5967872298182977
HGNC:711,HGNC,3.9365800089926046,1.5966727855735166
UBERON:0001476,UBERON,3.93626044693871,1.596608049987961
HGNC:16909,HGNC,3.9336354791317913,1.5960761359964717
HGNC:1318,HGNC,3.9320920431050386,1.5957632475580135
HGNC:1857,HGNC,3.929595524049749,1.5952569408855255
HGNC:22964,HGNC,3.9282505216984025,1.594984061322698
HGNC:11919,HGNC,3.928185255855155,1.5949708180277136
HGNC:10840,HGNC,3.9252191124161575,1.594368763465101
HP:0001840,HP,3.9251266889966714,1.5943499979473512
HP:0005372,HP,3.9249763862532574,1.5943194799431684
HGNC:348,HGNC,3.9247618797175674,1.594275924159262
HP:0002110,HP,3.9237602707171857,1.5940725212550422
HGNC:7794,HGNC,3.922261903472681,1.5937681613359678
HGNC:29010,HGNC,3.921985933971296,1.593712094177559
HGNC:9449,HGNC,3.9211655414531545,1.5935454011174983
HGNC:11185,HGNC,3.919403462860929,1.5931872757671681
HGNC:19191,HGNC,3.9191313842909703,1.5931319670094608
HGNC:9975,HGNC,3.918806739845997,1.5930659685368145
HGNC:3296,HGNC,3.918534731320736,1.593010667310131
HGNC:3009,HGNC,3.918485905368019,1.5930007403303024
HGNC:329,HGNC,3.9152853130429217,1.5923498013635469
MP:0001790,MP,3.914447558132536,1.5921793481226718
HGNC:20870,HGNC,3.913321621128415,1.5919502143307585
HP:0002540,HP,3.911719015192192,1.5916239854611267
MONDO:0008667,MONDO,3.908876588031732,1.5910451148193299
HGNC:6970,HGNC,3.90843725103274,1.590955612332909
HGNC:11619,HGNC,3.908355266357856,1.5909389093874733
HGNC:3192,HGNC,3.908317806422235,1.5909312774870639
HGNC:11180,HGNC,3.907623630103203,1.590789838925174
WB:WBGene00014158,WB,3.9075102739254866,1.5907667406814148
HGNC:6769,HGNC,3.907203179145861,1.59070416223097
HGNC:13487,HGNC,3.907094920741292,1.5906821008663221
HGNC:7606,HGNC,3.906936793059872,1.590649876050661
EMAPA:35739,EMAPA,3.90637035391733,1.5905344329824505
HGNC:697,HGNC,3.90601011976356,1.5904610085662452
UBERON:0000167,UBERON,3.9042476514756106,1.5901016972519026
HGNC:30661,HGNC,3.904037249699158,1.5900587943838467
HGNC:1742,HGNC,3.902860099366579,1.5898187285819252
GO:0040003,GO,3.901925548672523,1.589628097041281
HGNC:7872,HGNC,3.9014371480700416,1.589528457638355
HP:0012447,HP,3.900184951374691,1.589272949582758
HGNC:16753,HGNC,3.9001438712415,1.5892645661633984
HGNC:5961,HGNC,3.8998606491280374,1.5892067657587245
HGNC:9949,HGNC,3.899405776307008,1.5891139276213357
HGNC:14581,HGNC,3.8992296398937936,1.58907797640859
MP:0008762,MP,3.8978231675868247,1.5887908548947491
EMAPA:16089,EMAPA,3.8972088295429903,1.58866541619382
MP:0001516,MP,3.897173583563288,1.588658219011146
WB:WBGene00004449,WB,3.8968958437915378,1.5886015031028335
MP:0003077,MP,3.894241333332963,1.588059275887426
HGNC:30064,HGNC,3.8938754837869944,1.5879845220705326
HGNC:16608,HGNC,3.893416292650156,1.5878906879134105
HGNC:2240,HGNC,3.89286953788644,1.5877789489403715
HGNC:10852,HGNC,3.892330611715964,1.5876687976582757
HGNC:5229,HGNC,3.892050228028382,1.5876114851533252
EMAPA:32782,EMAPA,3.891174753919606,1.587432510610119
HGNC:17050,HGNC,3.8892571748769926,1.5870403849696268
ZFIN:ZDB-GENE-070705-417,ZFIN,3.889164695572257,1.5870214699941916
EMAPA:35742,EMAPA,3.8876932454073647,1.5867204632321243
HGNC:18129,HGNC,3.8849653033314304,1.5861621827738064
HGNC:1548,HGNC,3.88403215032854,1.5859711390131432
HP:0003097,HP,3.881817002674961,1.585517487178702
HGNC:3020,HGNC,3.881565709677356,1.58546601055322
EMAPA:16272,EMAPA,3.8806986913061072,1.5852883840645455
HGNC:10381,HGNC,3.8800985771847025,1.5851654199038006
ZFA:0001058,ZFA,3.879883661555058,1.5851213797356072
HGNC:18302,HGNC,3.8792396452233096,1.5849893973202942
HGNC:4432,HGNC,3.878023893413742,1.5847401979805316
HGNC:14931,HGNC,3.877401115376016,1.5846125196809164
HGNC:34,HGNC,3.8764321840304095,1.584413842644094
UBERON:0035805,UBERON,3.875981140543309,1.5843213437984418
HGNC:4485,HGNC,3.872377525987734,1.5835820163192236
HGNC:10351,HGNC,3.8708856591076097,1.583275780746307
HP:0002970,HP,3.869815160201807,1.5830559815901741
HP:0002321,HP,3.869142459281813,1.5829178351996984
HGNC:19137,HGNC,3.8682307414701023,1.582730573646592
HGNC:1608,HGNC,3.867874840315437,1.5826574640953788
NCBIGENE:2876347,NCBIGENE,3.867203255707997,1.5825194919904033
HGNC:15531,HGNC,3.8670987076590655,1.5824980116522487
HGNC:11766,HGNC,3.8667086514465874,1.5824178670185414
HGNC:1918,HGNC,3.865879175473301,1.5822474136940925
GO:0060041,GO,3.8644206876302385,1.5819476309793756
HGNC:16712,HGNC,3.864397861254696,1.5819429384516184
HGNC:24555,HGNC,3.862576441865555,1.581568429513141
GO:0006260,GO,3.8623632953318734,1.581524594478791
HGNC:11098,HGNC,3.8622272297106073,1.581496610653472
HGNC:3511,HGNC,3.861404118217473,1.5813273093984885
HGNC:4172,HGNC,3.860394808716408,1.5811196709743087
HGNC:7455,HGNC,3.859074316413591,1.5808479498969656
HGNC:4199,HGNC,3.8589683760306626,1.5808261470738487
HGNC:6446,HGNC,3.8589406460850846,1.580820440096038
HGNC:933,HGNC,3.8586355003303576,1.5807576372426866
HGNC:9412,HGNC,3.856430171679341,1.5803036354349067
MP:0000438,MP,3.855736764961011,1.5801608440838042
HGNC:3721,HGNC,3.8553719962248185,1.580085720069578
GO:0008010,GO,3.854312266754379,1.5798674370758274
GO:0019904,GO,3.8538977787461337,1.579782047903868
MP:0000601,MP,3.8531634261418666,1.5796307451377336
FYPO:0009071,FYPO,3.8509623632591654,1.579177110679934
GO:0030170,GO,3.850398777099816,1.5790609236517779
MP:0003718,MP,3.85032874540059,1.5790464852090809
MGI:96974,MGI,3.8497940784504663,1.578936245996573
REACTOME:R-SSC-6782315,REACTOME,3.849640483550783,1.578904575098911
HGNC:9281,HGNC,3.8474545997272513,1.5784537423821474
WBBT:0004292,WBBT,3.8472281392321968,1.578407023886825
HP:0009803,HP,3.8468842570288784,1.578336077277294
HGNC:20001,HGNC,3.8460452070136744,1.5781629510783648
HGNC:5031,HGNC,3.844732860402482,1.5778921066507896
GO:0048511,GO,3.841561897914522,1.5772373748507866
WBPHENOTYPE:0000050,WBPHENOTYPE,3.8405309387402102,1.5770244127989654
HP:0004326,HP,3.8384094642127304,1.5765860436235946
MP:0005348,MP,3.837421882197246,1.5763819098425154
HP:0001645,HP,3.8372803418959984,1.5763526499649545
HGNC:23734,HGNC,3.83698241435226,1.5762910581824405
MGI:1933750,MGI,3.836368869218475,1.5761642055299065
HGNC:29914,HGNC,3.8345861543113338,1.575795531511054
HGNC:5465,HGNC,3.8344553581007466,1.5757684768727163
NCBIGENE:2875871,NCBIGENE,3.833993785767712,1.5756729967545469
MONDO:0005302,MONDO,3.833862422081288,1.5756458214048918
HGNC:2561,HGNC,3.833736943357706,1.575619862794311
GO:0019722,GO,3.833087085546072,1.5754854116424808
HGNC:17897,HGNC,3.830533325751438,1.5749568809789425
HP:0009714,HP,3.829448837549093,1.5747323488445
HGNC:6771,HGNC,3.829426633199048,1.5747277511353543
HGNC:2501,HGNC,3.829171076562041,1.5746748331767135
HGNC:952,HGNC,3.825151281654157,1.573842088010138
HP:0003026,HP,3.8245403347072378,1.5737154628345316
FBBT:00000095,FBBT,3.824189828182952,1.5736428094348565
HGNC:12849,HGNC,3.823981818193719,1.5735996903866287
HGNC:1773,HGNC,3.823532883251313,1.5735066229062211
HGNC:10765,HGNC,3.823310766972469,1.5734605733822653
UBERON:0008949,UBERON,3.822931185732058,1.5733818730464313
EMAPA:35140,EMAPA,3.8226368717395296,1.5733208473005416
HGNC:7658,HGNC,3.822628435701735,1.5733190980406662
UBERON:0001906,UBERON,3.822236136308223,1.5732377491755163
HGNC:8638,HGNC,3.821495012312603,1.5730840484997806
HP:0004482,HP,3.821370535885233,1.573058231189199
HGNC:2740,HGNC,3.8212146588315554,1.5730259002218197
HGNC:18477,HGNC,3.8211125851326586,1.573004728217112
HGNC:904,HGNC,3.820789146036783,1.5729376379054671
HGNC:2345,HGNC,3.820563693437481,1.5728908700704762
UBERON:0007318,UBERON,3.819016187026649,1.5725697966537264
HGNC:24054,HGNC,3.8187581593795263,1.5725162515845206
HGNC:1066,HGNC,3.818229053558718,1.5724064442744872
HGNC:30348,HGNC,3.817240188329183,1.5722011890433858
EMAPA:35151,EMAPA,3.8156213166143935,1.5718650746439005
EMAPA:19106,EMAPA,3.814182805046055,1.5715663122680794
ZFIN:ZDB-GENE-030131-3606,ZFIN,3.814167533868604,1.5715631401405783
HGNC:14479,HGNC,3.813310039502732,1.5713850053463698
FBBT:00001035,FBBT,3.812976373914808,1.5713156815025264
FBBT:00005613,FBBT,3.8092597043106977,1.570543164644962
HGNC:6840,HGNC,3.809170505286517,1.5705246171227074
HGNC:29020,HGNC,3.808987576330621,1.5704865788716482
HGNC:3765,HGNC,3.807932515067457,1.5702671611667343
HGNC:3604,HGNC,3.805521474074165,1.5697655639163461
HGNC:7728,HGNC,3.805332549239595,1.5697262490262986
HGNC:3468,HGNC,3.801597232913919,1.5689486194196274
HGNC:9704,HGNC,3.801376818902116,1.5689027140551743
GO:0005254,GO,3.800473921197778,1.5687146466228763
HP:0002066,HP,3.7992613039817784,1.568462011066998
HP:0004756,HP,3.7983036035432423,1.5682624395192266
HGNC:16716,HGNC,3.79807486300658,1.5682147672567157
DICTYBASE:DDB_G0288307,DICTYBASE,3.7980648389284513,1.5682126780670125
HGNC:2973,HGNC,3.7972353187228673,1.568039776710302
HGNC:17904,HGNC,3.796837477499245,1.5679568419166434
ZFA:0000045,ZFA,3.7951840307883233,1.5676120873253678
HGNC:12032,HGNC,3.79363460255884,1.5672889133657353
GO:0016236,GO,3.792960756920966,1.567148332562287
HGNC:13176,HGNC,3.792946797538198,1.5671454200821304
MP:0000929,MP,3.7919958899902535,1.5669470031312807
HGNC:7551,HGNC,3.790134026555611,1.566558391523154
HGNC:2231,HGNC,3.7887480868502754,1.5662690175234328
GO:0051536,GO,3.786899322623724,1.5658828787757397
HGNC:13203,HGNC,3.7858963351816137,1.5656733292394007
HGNC:11302,HGNC,3.78525141748822,1.5655385663643444
HGNC:6742,HGNC,3.785104099703728,1.5655077800922483
GO:0007346,GO,3.784279685955888,1.56533547772287
HGNC:4378,HGNC,3.78308695637473,1.5650861448328646
EMAPA:17959,EMAPA,3.7825274758276137,1.5649691673921118
HGNC:4387,HGNC,3.7823830650097583,1.5649389714342405
HP:0001959,HP,3.781800876968884,1.5648172280539112
MP:0002981,MP,3.780281678442779,1.5644994733116606
HGNC:28881,HGNC,3.7789564780593534,1.5642222126408374
UBERON:0001830,UBERON,3.777937741516445,1.5640090185793858
GO:0071949,GO,3.777931337258499,1.564007678197283
HGNC:2357,HGNC,3.7773847673949614,1.563893276986868
MP:0002494,MP,3.777365759530337,1.5638892982614014
ZFA:0000076,ZFA,3.776649183240846,1.563739292992386
GO:0043022,GO,3.775804978668904,1.5635625416445478
HGNC:28959,HGNC,3.7756672255774255,1.5635336972761527
EMAPA:19180,EMAPA,3.7756525902764766,1.5635306327151848
HGNC:14048,HGNC,3.7741971443620295,1.5632258224896507
HGNC:11105,HGNC,3.7734179103226233,1.5630625913504241
HGNC:2695,HGNC,3.772056512400888,1.5627773466636383
HGNC:11329,HGNC,3.7718548182163265,1.5627350800964828
HGNC:11764,HGNC,3.7708326961349927,1.5625208590851156
WB:WBGene00006728,WB,3.77051590443572,1.5624544551179929
HGNC:12833,HGNC,3.7696761902292857,1.5622784179480345
HGNC:30728,HGNC,3.769511103660878,1.5622438056559516
NCBIGENE:2876528,NCBIGENE,3.769212588627592,1.5621812155143324
MP:0002376,MP,3.7685263419618185,1.5620373141825907
HGNC:9308,HGNC,3.7681670670780143,1.5619619683853496
MP:0005092,MP,3.767937972626451,1.5619139205816281
HGNC:1735,HGNC,3.767273395523597,1.5617745262717864
HGNC:10350,HGNC,3.765837507957289,1.561473284087214
REACTOME:R-GGA-6791226,REACTOME,3.764825062221446,1.5612608233622234
HP:0003196,HP,3.7647951598899256,1.561254547701531
HGNC:11529,HGNC,3.762256475390859,1.5607216053692456
HGNC:12805,HGNC,3.761885367073048,1.560643675341714
HGNC:8617,HGNC,3.761337739771341,1.5605286665267013
FYPO:0009031,FYPO,3.7608585804875942,1.5604280260299008
EMAPA:19142,EMAPA,3.7581405266257857,1.5598569462545813
HGNC:11724,HGNC,3.757123779788451,1.5596432376683638
REACTOME:R-DDI-9013149,REACTOME,3.755918871432557,1.559389920531773
HGNC:12799,HGNC,3.755892245072479,1.5593843219428707
HGNC:18628,HGNC,3.754242727029019,1.559037425066046
HGNC:119,HGNC,3.75298184770934,1.5587721785017814
HGNC:20692,HGNC,3.752555021353538,1.5586823726629384
HGNC:9846,HGNC,3.751609771455674,1.558483459886995
FBBT:00005519,FBBT,3.74939377995468,1.5580169846290528
UBERON:0001872,UBERON,3.7488641170358448,1.5579054561940222
GO:0006366,GO,3.747987147374013,1.5577207697879898
HGNC:6518,HGNC,3.7465146721302873,1.5574105954821602
XENBASE:XB-GENE-29098363,XENBASE,3.746200939041733,1.5573444957270386
HGNC:6144,HGNC,3.745662721468655,1.557231089636748
HGNC:9056,HGNC,3.745391240632494,1.5571738819046417
HGNC:11161,HGNC,3.744759616953919,1.5570407704949316
HGNC:20084,HGNC,3.74431836849908,1.556947769161012
MONDO:0005298,MONDO,3.74431367364349,1.5569467795862093
HGNC:712,HGNC,3.743485499225558,1.5567722028682698
HGNC:1780,HGNC,3.7409979586473736,1.556247653345616
HGNC:9193,HGNC,3.740856675430436,1.5562178525898778
HGNC:6949,HGNC,3.740739098001872,1.556193051399998
UBERON:0002358,UBERON,3.740257435537362,1.5560914455269823
MP:0010506,MP,3.740189064134213,1.5560770218596682
HGNC:2689,HGNC,3.7398246951612326,1.5560001508798549
HGNC:8786,HGNC,3.739054602252521,1.555837664812411
HGNC:7708,HGNC,3.7388980364161934,1.555804626910174
HGNC:701,HGNC,3.7382405814853494,1.555665881460011
HGNC:2978,HGNC,3.737765652895038,1.555565643326147
HGNC:7852,HGNC,3.7377345779026063,1.5555590843072722
GO:0031640,GO,3.737572301096525,1.555524831737267
MP:0012431,MP,3.737558658731539,1.5555219521221895
WBPHENOTYPE:0000062,WBPHENOTYPE,3.7373099466815423,1.5554694528083917
HGNC:2741,HGNC,3.736095429284279,1.5552130471431178
GO:0140359,GO,3.735544583932297,1.5550967324707201
HGNC:16369,HGNC,3.73488966895311,1.5549584251950994
HGNC:1674,HGNC,3.7321107098995183,1.5543713418482734
HGNC:16969,HGNC,3.7282579014612063,1.5535568263025066
HGNC:4910,HGNC,3.7278715913715623,1.553475120549608
HGNC:5973,HGNC,3.727606394020149,1.5534190266425856
ZFA:0000038,ZFA,3.7263939940251034,1.5531625426248303
EMAPA:17171,EMAPA,3.726108429185784,1.5531021216216674
HP:0003016,HP,3.726071488902586,1.5530943053753583
HP:0000107,HP,3.725791285595253,1.553035014775378
GO:0006351,GO,3.724186991697539,1.5526954808915847
UBERON:0003911,UBERON,3.723441642856181,1.552537695510356
MP:0002606,MP,3.722780447799341,1.5523977040827623
HGNC:24717,HGNC,3.719642761436392,1.5517331105967662
HGNC:28958,HGNC,3.7194000033816734,1.551681673589684
HGNC:4384,HGNC,3.718467824374179,1.5514841334190568
HGNC:16991,HGNC,3.7183724888970104,1.5514639284618874
ZFIN:ZDB-GENE-030131-4172,ZFIN,3.717799954034428,1.5513425795003783
HGNC:14053,HGNC,3.7175860411025536,1.5512972368017286
HP:0011297,HP,3.716168863873709,1.5509967886230807
HP:0003010,HP,3.7149524982292377,1.5507388414279353
HGNC:12009,HGNC,3.714751054072028,1.5506961159793304
HGNC:14621,HGNC,3.71407128423278,1.550551926213942
MP:0002100,MP,3.713897798814492,1.550515123925606
HGNC:5036,HGNC,3.7137023229728063,1.5504736550811093
EMAPA:35285,EMAPA,3.71186032384937,1.5500828032633653
HGNC:10260,HGNC,3.709727162310301,1.5496299790278205
HGNC:24477,HGNC,3.709441499349459,1.549569323364632
HGNC:3023,HGNC,3.70768908320601,1.5491971471166093
HGNC:9552,HGNC,3.7064237546896575,1.5489283318717189
GO:0051028,GO,3.7049903909985775,1.5486237307395248
HGNC:14270,HGNC,3.704914603653,1.548607622745741
HGNC:6721,HGNC,3.7021081672843423,1.548010954379935
HGNC:9300,HGNC,3.701932687723449,1.5479736343462134
FBBT:00000210,FBBT,3.6998708652872967,1.5475350328677673
HGNC:6944,HGNC,3.6998299594254433,1.5475263292158923
FYPO:0003743,FYPO,3.6993831774012818,1.5474312612526502
HGNC:3229,HGNC,3.69872631082473,1.5472914742926358
HGNC:7944,HGNC,3.696734777148904,1.5468675390143125
HGNC:7711,HGNC,3.6965422774272456,1.5468265523127456
MONDO:0018874,MONDO,3.696448545370956,1.5468065944403149
HGNC:13918,HGNC,3.6955521390307022,1.5466157072431994
HGNC:9479,HGNC,3.695056389972437,1.5465101232318557
HGNC:23156,HGNC,3.694838301937689,1.5464636715852838
HGNC:12405,HGNC,3.694514259491546,1.5463946482007316
HGNC:6929,HGNC,3.693814838128223,1.5462456501506325
HP:0001956,HP,3.693306615268756,1.5461373692761415
HGNC:29100,HGNC,3.693111050249304,1.5460956994876345
HGNC:9824,HGNC,3.69260395882219,1.5459876434839914
GO:0030030,GO,3.6922031413572456,1.5459022251134464
HGNC:799,HGNC,3.6908776425733447,1.5456196955640924
HGNC:10252,HGNC,3.6906985080584143,1.5455815069885106
ZFA:0009114,ZFA,3.686320490987536,1.5446477310434181
HGNC:24152,HGNC,3.686062290518453,1.544592632894918
MONDO:0005441,MONDO,3.685871180898677,1.5445518495025934
HGNC:11162,HGNC,3.6856758115505848,1.5445101553515044
HGNC:6467,HGNC,3.6855860396942473,1.5444909963827838
GO:0001817,GO,3.684566024990563,1.5442732806614867
HGNC:14051,HGNC,3.683974847956154,1.5441470759422649
HGNC:7968,HGNC,3.683899934569716,1.5441310822642582
UBERON:0002108,UBERON,3.683311811162825,1.5440055116198386
HGNC:14900,HGNC,3.68316510125539,1.5439741850263244
HGNC:6770,HGNC,3.682702333866328,1.5438753650520627
HGNC:9376,HGNC,3.6824871402818737,1.5438294089963767
UBERON:0001966,UBERON,3.682401908888866,1.5438112066679641
HP:0002721,HP,3.6817736672825503,1.543677026867052
GO:0007219,GO,3.679804554749869,1.5432563472519234
FYPO:0002328,FYPO,3.6792587169616846,1.5431397035723249
HGNC:16870,HGNC,3.679154291881711,1.5431173867372208
HGNC:3372,HGNC,3.6790112284733936,1.5430868116404206
HGNC:9969,HGNC,3.67700104119399,1.5426571013637778
HGNC:18658,HGNC,3.676283343901423,1.5425036371335832
HGNC:9612,HGNC,3.676228387925166,1.5424918850015712
HGNC:7107,HGNC,3.674890157523449,1.5422056667477124
HGNC:6912,HGNC,3.674276528039552,1.5420743974045898
HGNC:14037,HGNC,3.6741928430334303,1.542056493937658
XENBASE:XB-GENE-29078419,XENBASE,3.6735165196953994,1.5419117903930855
HGNC:9662,HGNC,3.672118350538632,1.5416125770840674
HGNC:10378,HGNC,3.671820006103472,1.5415487186929107
HGNC:6180,HGNC,3.670412029712411,1.5412472968493247
HGNC:4983,HGNC,3.669765574571033,1.5411088722561748
HGNC:4317,HGNC,3.6694130964183262,1.5410333884978507
HGNC:17175,HGNC,3.668091088099172,1.5407502275370921
HGNC:17142,HGNC,3.665448088423957,1.5401838829392127
MP:0000278,MP,3.665409794865575,1.5401756749997368
GO:0004197,GO,3.6645992445743496,1.5400019237654479
HGNC:10251,HGNC,3.664234925193284,1.5399238176753147
HGNC:2734,HGNC,3.662351669493757,1.53951997095047
HGNC:15867,HGNC,3.6623123596742144,1.5395115395862042
HGNC:5273,HGNC,3.662270744686369,1.5395026137205907
HGNC:4162,HGNC,3.661596592463878,1.539358005866513
GO:0004869,GO,3.661214488351496,1.5392760340000269
MP:0009937,MP,3.660482501629429,1.5391189838997377
GO:0006874,GO,3.660280788645819,1.5390757013965006
HGNC:3402,HGNC,3.6595369548009096,1.5389160772778825
MONDO:0008608,MONDO,3.65935975609756,1.5388780473031187
HGNC:5351,HGNC,3.659118764735469,1.538826323974765
HGNC:12950,HGNC,3.658287455737192,1.5386478818244902
HGNC:8515,HGNC,3.657603029596795,1.5385009444720803
HGNC:14011,HGNC,3.657478912984333,1.5384742959437614
HGNC:19100,HGNC,3.657393389884432,1.5384559332443872
HGNC:1728,HGNC,3.657164204855881,1.5384067231716025
MONDO:0000726,MONDO,3.656249999999999,1.5382104031457324
MP:0001126,MP,3.656017336015276,1.5381604337931836
HGNC:4037,HGNC,3.655914100058854,1.538138260958872
MP:0005014,MP,3.6544742184126577,1.537828954492069
MP:0005554,MP,3.653874479006427,1.5377000939548122
HGNC:427,HGNC,3.649618446444251,1.5367851617044899
HGNC:19235,HGNC,3.647273088012075,1.5362806148947874
POMBASE:SPCC965.10,POMBASE,3.646916561484018,1.5362038945906669
MONDO:0004979,MONDO,3.645454036264834,1.5358891148009726
HGNC:19764,HGNC,3.6454472835055394,1.5358876611725112
FYPO:0009083,FYPO,3.645360046172681,1.535868881893216
HGNC:12836,HGNC,3.645207014507762,1.535835938443385
EMAPA:18721,EMAPA,3.642159115007004,1.5351795845174874
MP:0002111,MP,3.641533347292792,1.5350447744259854
FYPO:0007562,FYPO,3.64131342262235,1.5349973914030972
HGNC:14490,HGNC,3.640872620070988,1.5349024132266922
HGNC:11617,HGNC,3.640582118496432,1.5348398149416531
MP:0000599,MP,3.64016169106072,1.534749212842376
HP:0031865,HP,3.638353378844901,1.534359428006098
HGNC:6476,HGNC,3.638342204179832,1.5343570188152456
HGNC:29945,HGNC,3.637692374934651,1.5342169095388727
HGNC:15580,HGNC,3.636027821518736,1.5338579266499073
ZFA:0000115,ZFA,3.635643249369289,1.5337749702665913
HGNC:4452,HGNC,3.635130669272972,1.5336643904808394
HGNC:5176,HGNC,3.632174248797401,1.533026358042714
MP:0001876,MP,3.631326944710573,1.532843424166744
HGNC:9201,HGNC,3.630745646058103,1.5327179017963377
FYPO:0003938,FYPO,3.630226086101513,1.5326056975974347
HGNC:2372,HGNC,3.6299242550475657,1.5325405083633652
HGNC:5432,HGNC,3.628900508635409,1.532319368760347
HGNC:8045,HGNC,3.627300958131865,1.5319737517110186
HGNC:6947,HGNC,3.625573255748886,1.5316003104725187
HGNC:13919,HGNC,3.625533080120158,1.5315916248889205
HGNC:994,HGNC,3.625179410038895,1.5315151615717844
HGNC:4385,HGNC,3.622884637918853,1.5310188907511586
HP:0002750,HP,3.622704626017349,1.5309799506909012
HGNC:20157,HGNC,3.621901527659796,1.5308062064888825
EMAPA:17539,EMAPA,3.6218419723513926,1.5307933209499438
HGNC:21498,HGNC,3.621711594877889,1.5307651115664933
EMAPA:17886,EMAPA,3.620152961087145,1.5304278130059954
HGNC:990,HGNC,3.6194974504593698,1.5302859222201588
HGNC:9646,HGNC,3.619301980751253,1.5302436072614674
HGNC:12339,HGNC,3.618891298213866,1.5301546975525542
HGNC:2666,HGNC,3.618752513296536,1.530124649865033
HGNC:744,HGNC,3.618743511202033,1.5301227008315548
HP:0000204,HP,3.618607763201645,1.5300933097222713
MP:0001274,MP,3.618253861924729,1.5300166816874579
HP:0000118,HP,3.614695964588058,1.5292459859554044
HGNC:2348,HGNC,3.614591788920364,1.5292234109375957
HGNC:5039,HGNC,3.614401437131049,1.5291821601132252
HGNC:21637,HGNC,3.614257778298207,1.5291510269161919
MONDO:0005453,MONDO,3.6132693739512223,1.528936797397393
HGNC:2230,HGNC,3.611988349082083,1.528659076185513
HGNC:28926,HGNC,3.6117169235893183,1.5286002222900732
HGNC:18582,HGNC,3.6114645399692207,1.5285454941854255
MP:0002753,MP,3.611455035682708,1.5285434331707037
FYPO:0009067,FYPO,3.6097994912772857,1.5281843617627147
EMAPA:17585,EMAPA,3.6090542348164494,1.5280226808239337
HGNC:2370,HGNC,3.608809877423953,1.5279696625998465
EMAPA:16184,EMAPA,3.608700115782031,1.527945846701191
HP:0000894,HP,3.6085955006101735,1.5279231469471166
HGNC:23657,HGNC,3.608328287621197,1.52786516382928
HGNC:25542,HGNC,3.6082136400248057,1.5278402851714716
HGNC:25240,HGNC,3.607816873184499,1.5277541815415014
HGNC:8550,HGNC,3.607054994858629,1.5275888231212182
HGNC:29088,HGNC,3.60638786107659,1.5274440056423155
HP:0002171,HP,3.603788443583184,1.5268795392354977
GO:0007623,GO,3.603462476836398,1.5268087327049187
REACTOME:R-DDI-6803157,REACTOME,3.6029324181728346,1.526693582601063
ZFA:0000034,ZFA,3.6022563632142752,1.5265466969747428
HGNC:3280,HGNC,3.601721067906643,1.5264303787172846
HGNC:6159,HGNC,3.600784363436296,1.5262268027497246
MP:0008892,MP,3.5991395275173304,1.5258692267619254
HP:0001518,HP,3.5989760012182885,1.525833670283308
HGNC:343,HGNC,3.598763285430864,1.5257874163548517
MGI:1351320,MGI,3.5979795858222343,1.5256169865360565
UBERON:0001161,UBERON,3.597180482364466,1.5254431769549608
HGNC:14129,HGNC,3.596116124628839,1.5252116261226787
HGNC:17072,HGNC,3.5953120114964894,1.5250366558955297
MP:0008450,MP,3.594090292374382,1.5247707584869918
HGNC:5246,HGNC,3.5935120768111197,1.5246448898346947
HGNC:24941,HGNC,3.5924700064065873,1.5244180070910616
GO:0050804,GO,3.590025107359011,1.5238854940703497
EMAPA:35926,EMAPA,3.5894316010858613,1.523756182218281
HGNC:1461,HGNC,3.5888569937386374,1.5236309720896088
HGNC:14013,HGNC,3.588509139049405,1.523555165004141
HGNC:20771,HGNC,3.5881697375281143,1.5234811945566598
HGNC:12509,HGNC,3.587569111413309,1.5233502784254247
HGNC:8062,HGNC,3.585814177890853,1.522967664184088
HGNC:9253,HGNC,3.5848585110845232,1.5227592461449317
REACTOME:R-CFA-375276,REACTOME,3.5846674246664585,1.5227175675631968
HP:0001944,HP,3.584658486851968,1.5227156180601304
UBERON:0000924,UBERON,3.584067668964534,1.5225867412939993
GO:0009888,GO,3.583941179324116,1.5225591475945341
HGNC:14275,HGNC,3.5825511068838503,1.5222558532901223
HP:0002145,HP,3.581807966321192,1.522093672703711
NCBIGENE:2876241,NCBIGENE,3.5802673966023373,1.5217573799594695
HGNC:3271,HGNC,3.5802665105025437,1.521757186499175
HGNC:11779,HGNC,3.5801784299647426,1.5217379558748163
GO:0019888,GO,3.580096930315717,1.5217201617265355
HGNC:428,HGNC,3.580080756048173,1.5217166302955747
HGNC:9192,HGNC,3.5800278236137317,1.521705073132473
WBBT:0005394,WBBT,3.5793845159489344,1.5215646039316102
HGNC:8647,HGNC,3.579043635343643,1.5214901630778268
HGNC:16463,HGNC,3.578839745138818,1.5214456352767207
HGNC:29300,HGNC,3.5787732830634766,1.5214311201241066
HGNC:2942,HGNC,3.5780138002452833,1.521265235996186
HGNC:3180,HGNC,3.5778222661096977,1.5212233972969726
UBERON:0001162,UBERON,3.5768951906013675,1.5210208622617007
HGNC:850,HGNC,3.576432106897673,1.5209196785742747
HGNC:1460,HGNC,3.575188688268949,1.5206479412144769
HGNC:21086,HGNC,3.5729162739814333,1.5201511357353896
HGNC:4986,HGNC,3.572813203447648,1.5201285961371993
GO:0032956,GO,3.5718974837957234,1.5199283230643152
HGNC:13266,HGNC,3.571753990024696,1.5198969365287611
HGNC:24101,HGNC,3.5714174157894063,1.5198233134453683
HGNC:5331,HGNC,3.571391501185427,1.5198176445958465
HGNC:16068,HGNC,3.571199336297266,1.5197756073021285
HGNC:13575,HGNC,3.569930428597204,1.5194979812885288
HGNC:9380,HGNC,3.5694703776639116,1.519397307088232
HGNC:2584,HGNC,3.568953213253607,1.5192841224879097
HGNC:11163,HGNC,3.56869078407216,1.519226683353359
HP:0012725,HP,3.568462112681752,1.519176630258475
HGNC:9437,HGNC,3.5678563073074523,1.5190440154901759
HGNC:12010,HGNC,3.5671726586213888,1.518894339185943
EMAPA:29927,EMAPA,3.565970395083014,1.5186310643115104
HGNC:10738,HGNC,3.563272081638657,1.5180399279648065
HGNC:11150,HGNC,3.562856555508284,1.5179488650076245
HGNC:12608,HGNC,3.560356895410375,1.517400887000992
GO:0009887,GO,3.5601593616555687,1.5173575706471214
HGNC:6140,HGNC,3.559346900403878,1.5171793896731753
HGNC:25634,HGNC,3.559330903563254,1.5171758810854243
HP:0002656,HP,3.5586056853263406,1.5170168060071163
HGNC:22211,HGNC,3.5583195234244043,1.5169540300392372
FYPO:0009092,FYPO,3.557268625974604,1.5167234585309082
HGNC:14089,HGNC,3.5571540809394335,1.5166983236345226
HGNC:14958,HGNC,3.5568292821142373,1.51662704880059
HGNC:6081,HGNC,3.556290354725688,1.5165087737398744
HGNC:7877,HGNC,3.555386400106793,1.5163103569948158
HP:0000582,HP,3.554861287591186,1.5161950774691233
HGNC:24912,HGNC,3.5546739965499916,1.5161539576896004
GO:0005730,GO,3.5545230421006258,1.5161208143842708
HGNC:3819,HGNC,3.5543001961201037,1.516071884687264
HGNC:24170,HGNC,3.554261400204973,1.5160633661270677
HGNC:14483,HGNC,3.5537958881684024,1.5159611462963754
GO:0038022,GO,3.553460013367623,1.5158873864713385
HGNC:4298,HGNC,3.552992816256087,1.515784778546895
GO:0016579,GO,3.5513125739427593,1.5154156691507594
MP:0003203,MP,3.549060687741689,1.5149207693961497
MP:0001486,MP,3.5490115788560663,1.514909973947579
MP:0008143,MP,3.5477179934713714,1.5146255672532547
HP:0001328,HP,3.546920611658085,1.5144502151914632
EMAPA:32688,EMAPA,3.545752798596821,1.514193346168461
REACTOME:R-DDI-193368,REACTOME,3.5454717574325705,1.5141315192577718
HGNC:30292,HGNC,3.5442299923670353,1.513858294655372
XENBASE:XB-GENE-29089111,XENBASE,3.543310610644206,1.5136559557022649
HGNC:11103,HGNC,3.543232554634115,1.513638775129043
MP:0005402,MP,3.5421804032743975,1.5134071618013285
HGNC:2747,HGNC,3.540921139695796,1.5131298856791333
HGNC:9399,HGNC,3.5407701592424443,1.5130966362659137
HP:0001769,HP,3.5407668975586186,1.5130959179549484
GO:0006506,GO,3.539910904057475,1.5129073872037466
HP:0002092,HP,3.5398259051068885,1.51288866442524
ZFIN:ZDB-GENE-021226-1,ZFIN,3.538759105016171,1.512653649806896
HGNC:10991,HGNC,3.538610186196977,1.512620838798678
UBERON:0001756,UBERON,3.5379905037638757,1.512484293751643
HGNC:11809,HGNC,3.537195727229306,1.5123091399825914
MP:0002098,MP,3.5364742408288214,1.512150111407705
HP:0000272,HP,3.536191434833958,1.5120877689815502
FBBT:00005748,FBBT,3.5361659234660303,1.5120821450038078
HGNC:7666,HGNC,3.5354583359000933,1.5119261448108674
HGNC:28945,HGNC,3.5349788591795392,1.5118204218538172
FYPO:0007933,FYPO,3.534961316004483,1.5118165534324788
HGNC:20857,HGNC,3.534257826105108,1.5116614155116141
MONDO:0008263,MONDO,3.5341406455622177,1.5116355717987993
HGNC:11958,HGNC,3.5339235845781514,1.511587698078764
HGNC:3266,HGNC,3.533487983520455,1.511491617503892
HGNC:3014,HGNC,3.532979149997304,1.5113793723446274
FYPO:0004557,FYPO,3.532150303449615,1.5111965075429152
HGNC:7670,HGNC,3.5318846343660635,1.5111378870531555
FYPO:0009053,FYPO,3.5309511185453513,1.5109318774002245
HGNC:4114,HGNC,3.530635543321676,1.510862226193305
HGNC:10290,HGNC,3.5291153200304315,1.51052662683115
HGNC:16354,HGNC,3.5289356094723208,1.5104869470899929
HGNC:6023,HGNC,3.525560454048951,1.5097414267306006
HGNC:11159,HGNC,3.5252737681530713,1.5096780765710602
HGNC:14661,HGNC,3.5243871537169444,1.5094821323369905
MP:0002073,MP,3.5227907124574496,1.5091292175828694
EMAPA:17566,EMAPA,3.5222425858550426,1.50900801811682
HP:0002120,HP,3.5222303204546592,1.509005305874656
HGNC:9530,HGNC,3.5222214233624287,1.5090033384602715
HGNC:29531,HGNC,3.52143359914452,1.5088291115093448
MONDO:0011132,MONDO,3.520539662185836,1.5086313810061107
HGNC:4223,HGNC,3.5196136550144344,1.5084265156366532
HGNC:10585,HGNC,3.5195291874156807,1.5084078263427172
ZFA:0000255,ZFA,3.518971250109511,1.5082843684061413
HGNC:11114,HGNC,3.5186931093291776,1.5082228169323624
HGNC:13871,HGNC,3.516932791076002,1.507833177455286
HGNC:16829,HGNC,3.5167030472909584,1.5077823133759265
HGNC:7962,HGNC,3.516222415928074,1.50767589572302
NCBIGENE:2876022,NCBIGENE,3.51622058911475,1.5076754912226378
HGNC:10499,HGNC,3.516090587794436,1.5076467053852642
HGNC:21024,HGNC,3.5158295920724267,1.507588911313376
HGNC:14108,HGNC,3.514562034587962,1.5073081798578216
HGNC:18423,HGNC,3.513632840817017,1.5071023372088648
HGNC:6783,HGNC,3.5126638754290505,1.5068876388841477
XENBASE:XB-GENE-29089119,XENBASE,3.5126135997746406,1.506876497807422
HGNC:637,HGNC,3.5118355849957483,1.5067040740362
HGNC:3519,HGNC,3.5109834980527226,1.506515200262335
EMAPA:17575,EMAPA,3.5099019018708053,1.5062754020298668
GO:0071944,GO,3.5099019016514985,1.5062754019812388
HGNC:20768,HGNC,3.5080734667060973,1.5058698930070467
HGNC:13759,HGNC,3.506518092174938,1.5055248136905997
HGNC:16466,HGNC,3.5063738520864733,1.5054928061863782
HGNC:11243,HGNC,3.506138140037913,1.5054404984504617
HGNC:5467,HGNC,3.5057951742946187,1.5053643847617564
HGNC:2207,HGNC,3.505185127273146,1.5052289839503044
HGNC:4867,HGNC,3.505171550979699,1.5052259704639506
MONDO:0001150,MONDO,3.505157287157286,1.5052228043592124
HGNC:16513,HGNC,3.505090475867273,1.5052079742919888
HGNC:6948,HGNC,3.505081405891397,1.5052059610172155
HGNC:8896,HGNC,3.5026289806799507,1.5046614441162953
GO:0003333,GO,3.5017760198797725,1.5044719899985215
HGNC:1149,HGNC,3.501179702494555,1.5043395185292667
HGNC:9008,HGNC,3.500849058672494,1.504266058683496
HGNC:20473,HGNC,3.5007979198785586,1.5042546965863024
HP:0001657,HP,3.5002898824609088,1.5041418130261492
HGNC:7508,HGNC,3.499147591632135,1.503887954751519
HGNC:12628,HGNC,3.4984844450584114,1.5037405500627696
HGNC:392,HGNC,3.49734066721204,1.5034862592471392
HGNC:2457,HGNC,3.4970958573807596,1.5034318234121267
HGNC:16989,HGNC,3.4962930229052573,1.50325328460138
GO:0071230,GO,3.493060366602935,1.5025340656983956
HGNC:5235,HGNC,3.492982422852506,1.5025167179620766
HP:0003180,HP,3.492203170443204,1.5023432652485709
UBERON:0012249,UBERON,3.4916491104308967,1.5022199194953934
MONDO:0005072,MONDO,3.4912550118409316,1.5021321753572274
HGNC:1739,HGNC,3.4911993519805256,1.5021197823389827
HGNC:11290,HGNC,3.4905503841970424,1.50197527424119
HGNC:13703,HGNC,3.4899723329536347,1.5018465398094845
GO:0000049,GO,3.4894440748513933,1.5017288800242912
EMAPA:18976,EMAPA,3.488799147747654,1.5015852155926517
GO:0006617,GO,3.4883927953494585,1.5014946856360574
GO:0017148,GO,3.4882163814227147,1.5014553803876518
HGNC:30401,HGNC,3.4869456792816544,1.501172220676227
HGNC:1442,HGNC,3.485502583585339,1.5008505480030656
HGNC:29534,HGNC,3.485470774764493,1.5008434565048356
HGNC:9658,HGNC,3.4850175548155153,1.500742409620271
MP:0002797,MP,3.484537404013731,1.500635347273377
HGNC:11631,HGNC,3.484071964293423,1.5005315542099016
HGNC:18122,HGNC,3.484010223090332,1.500517785111492
XENBASE:XB-GENE-29089107,XENBASE,3.48360743643315,1.50042795374875
HP:0001321,HP,3.483267146400724,1.500352054386169
HGNC:12643,HGNC,3.482909845704095,1.500272354711016
FYPO:0000250,FYPO,3.48221819614254,1.5001180569564945
HGNC:2988,HGNC,3.4816497419809944,1.499991224618885
HGNC:30167,HGNC,3.481509664596956,1.4999599683669997
HGNC:22971,HGNC,3.48024248304162,1.4996771706410852
HGNC:6125,HGNC,3.4802081294747373,1.4996695028198184
GO:0044325,GO,3.479142552698788,1.499431633621754
HGNC:16638,HGNC,3.4787820389127337,1.499351143150426
HGNC:7867,HGNC,3.477630393269986,1.4990939764203732
HGNC:2488,HGNC,3.477299556102542,1.4990200870277226
MP:0000137,MP,3.477244494413981,1.499007788983679
HGNC:1116,HGNC,3.4772012416298868,1.498998128355792
EMAPA:16140,EMAPA,3.47715552389005,1.498987917071825
HGNC:4092,HGNC,3.477099687163794,1.4989754455206037
HP:0002719,HP,3.476905507532556,1.498932072833846
HGNC:7545,HGNC,3.476500123060989,1.498841518582521
HGNC:11158,HGNC,3.4759390069966085,1.4987161636804738
HGNC:791,HGNC,3.4755349108651963,1.4986258777375343
WBBT:0005812,WBBT,3.475040044262491,1.498515300125327
HGNC:24304,HGNC,3.47115955875698,1.4976477841026425
XENBASE:XB-GENE-29089115,XENBASE,3.4708528202009528,1.4975791779448453
HGNC:6294,HGNC,3.4698281985962516,1.4973499735683482
HP:0002061,HP,3.4695953710293033,1.4972978835056752
HGNC:12852,HGNC,3.4681815367093223,1.4969815107999414
HGNC:12568,HGNC,3.467506300523224,1.4968303783522365
HGNC:3272,HGNC,3.4669614592399784,1.49670841444827
MP:0001860,MP,3.4667838450818045,1.4966686519181895
EMAPA:17896,EMAPA,3.466763897943525,1.4966641862481438
HGNC:15519,HGNC,3.4666315485835533,1.4966345560004348
EMAPA:18306,EMAPA,3.4662520405334445,1.4965495872338432
HGNC:12649,HGNC,3.4659253945246027,1.4964764480667447
HGNC:18873,HGNC,3.465607611402876,1.4964052882509216
MONDO:0100453,MONDO,3.465000000000003,1.496269214328463
MONDO:0800472,MONDO,3.465000000000003,1.496269214328463
EMAPA:36670,EMAPA,3.4633081866437743,1.495890236958706
HGNC:11087,HGNC,3.462831206036467,1.495783364191706
HGNC:2698,HGNC,3.46260055702375,1.4957316806387102
UBERON:0001135,UBERON,3.46254129802002,1.495718401521203
HP:0003701,HP,3.4625380648371973,1.4957176770048841
HGNC:8653,HGNC,3.4612856127508542,1.4954369784747883
HGNC:69,HGNC,3.461263960185281,1.4954321250267024
MP:0001883,MP,3.4607999511466807,1.4953281111923182
HGNC:9402,HGNC,3.460378359198661,1.4952335963348258
HGNC:8624,HGNC,3.4587005668674324,1.4948573708602164
HGNC:992,HGNC,3.458444933389556,1.4948000355889821
GO:0016788,GO,3.458112551123038,1.4947254816443125
MP:0004816,MP,3.4574855500312283,1.494584829029484
HGNC:4174,HGNC,3.4572152243864425,1.494524181868865
MONDO:0005301,MONDO,3.4564936373580566,1.4943622768658738
HGNC:2453,HGNC,3.456425320568567,1.4943469470306507
XENBASE:XB-GENE-29094707,XENBASE,3.4562134180270396,1.4942993960083817
HP:0002017,HP,3.455866234451036,1.4942214829757972
HGNC:12755,HGNC,3.454382228896612,1.4938883821483062
HGNC:5439,HGNC,3.4540169586377942,1.4938063763352902
HGNC:6515,HGNC,3.45332423243082,1.493650835822468
HGNC:2232,HGNC,3.4533106502870443,1.4936477859289998
HGNC:7716,HGNC,3.45224248810346,1.4934078991590019
HGNC:9605,HGNC,3.4517375038777125,1.4932944702818607
GO:0006612,GO,3.4515892598869526,1.493261169473139
MONDO:0018309,MONDO,3.4514931402721643,1.4932395770379638
GO:0030513,GO,3.4504621537691196,1.4930079455651921
HGNC:17810,HGNC,3.450043593633252,1.4929138924522443
HGNC:26707,HGNC,3.450028982031069,1.4929106089729112
HGNC:1491,HGNC,3.4497281173832404,1.4928429970943884
HGNC:24185,HGNC,3.4496661779660114,1.4928290771768808
XENBASE:XB-GENE-29082135,XENBASE,3.4487621293247996,1.4926258842953735
HGNC:7568,HGNC,3.447901557731047,1.492432424898299
XENBASE:XB-GENE-29094527,XENBASE,3.447483746309868,1.4923384859834108
HGNC:1516,HGNC,3.4472991912544235,1.4922969886120268
MP:0001932,MP,3.447255584104,1.492287183253237
HGNC:9352,HGNC,3.447234167015766,1.4922823674428118
GO:0051087,GO,3.4472308965549776,1.4922816320504606
UBERON:0001965,UBERON,3.447079333229453,1.492247551088222
HGNC:9089,HGNC,3.443979872780691,1.491550342689875
HGNC:10665,HGNC,3.4432884638906445,1.4913947473223788
HGNC:25009,HGNC,3.443072127578531,1.4913460578032152
HGNC:10983,HGNC,3.4427907452826325,1.4912827252265102
GO:0051056,GO,3.4424786231098765,1.4912124691296056
HGNC:24721,HGNC,3.4410642604767427,1.490894046026657
HGNC:3350,HGNC,3.440956809274449,1.4908698508121996
FBBT:00003209,FBBT,3.4403282961290653,1.4907283142802734
MP:0008566,MP,3.439673155823731,1.490580760181309
HGNC:30168,HGNC,3.4396648768596663,1.490578895410752
HGNC:8923,HGNC,3.4392009613294676,1.4904743965841958
HGNC:4606,HGNC,3.438812578319047,1.4903869033608672
HGNC:4659,HGNC,3.438208520512336,1.4902508086505093
HP:0000219,HP,3.438137509610009,1.490234808620297
HGNC:15864,HGNC,3.4380889286680545,1.490223862315064
GO:0007204,GO,3.4376780599295347,1.4901312801778042
HGNC:2439,HGNC,3.4374498435008873,1.4900798518646168
HGNC:9393,HGNC,3.436985439607836,1.4899751908064964
ZFIN:ZDB-GENE-001212-1,ZFIN,3.4364236186220753,1.4898485605603702
FYPO:0000073,FYPO,3.4354633048950034,1.489632075896149
HGNC:28461,HGNC,3.4353759718791377,1.4896123859856134
HGNC:6284,HGNC,3.433648486318801,1.4892228311726066
HGNC:4582,HGNC,3.433572637204587,1.4892057234196456
HP:0001298,HP,3.432372399213002,1.4889349710082587
HGNC:2460,HGNC,3.432030573597125,1.4888578477959915
MP:0004901,MP,3.4317360280828804,1.488791387220575
GO:0050728,GO,3.431451289176812,1.488727135186634
HGNC:7707,HGNC,3.430692759291244,1.4885559509036272
HGNC:10538,HGNC,3.428582540966255,1.4880795646771294
MP:0011239,MP,3.4275807847852,1.4878533366484719
HGNC:4801,HGNC,3.426711969478816,1.48765708939682
HGNC:29877,HGNC,3.42669658635421,1.4876536143228958
HGNC:9583,HGNC,3.426053292288358,1.4875082822902952
HGNC:18859,HGNC,3.4253851562770947,1.4873573156386228
EMAPA:35269,EMAPA,3.4247805113469463,1.4872206752741828
UBERON:0003027,UBERON,3.4243909815098768,1.4871326376906338
HGNC:30915,HGNC,3.4239038160954887,1.4870225225947822
HGNC:28867,HGNC,3.422977506064347,1.4868131131993592
EMAPA:35164,EMAPA,3.4228926625285783,1.4867939305674294
HGNC:3951,HGNC,3.422840343943766,1.4867821014550708
HGNC:870,HGNC,3.4223240043831966,1.4866653507558591
HGNC:1144,HGNC,3.4212857698402597,1.4864305519408474
HP:0000164,HP,3.420359746788058,1.4862210834535967
HGNC:9760,HGNC,3.420229896452449,1.4861917075090367
HGNC:2202,HGNC,3.4201650219924455,1.4861770306850706
MP:0001155,MP,3.420156032956919,1.4861749970404845
MP:0005278,MP,3.4198534480666365,1.4861065389939065
HGNC:10484,HGNC,3.4196586222483956,1.4860624583214164
HGNC:4586,HGNC,3.4191489013476146,1.485947121292075
GO:0060326,GO,3.4190731805184433,1.485929986436564
HGNC:1553,HGNC,3.4171884269253456,1.4855033911849944
HGNC:5985,HGNC,3.4168308762835284,1.485422442608873
HGNC:4883,HGNC,3.4161814850782117,1.485275405294779
HGNC:10259,HGNC,3.414494085578505,1.4848932375870554
HP:0004976,HP,3.4132108126641114,1.4846024999744538
HGNC:3113,HGNC,3.4130654522750765,1.4845695618735641
HGNC:494,HGNC,3.412575727596439,1.4844585841736646
HGNC:16987,HGNC,3.411276197466679,1.4841640347750138
HGNC:2324,HGNC,3.410645698162749,1.4840210955578086
MP:0005564,MP,3.4104877512459786,1.4839852845324584
HGNC:4456,HGNC,3.410226635658773,1.483926079444111
HGNC:3811,HGNC,3.4097849072161903,1.483825914395391
HGNC:9162,HGNC,3.4088605543995043,1.483616278386302
HGNC:1072,HGNC,3.4085258477954774,1.4835403587001454
MP:0001360,MP,3.4073240892495877,1.4832677228086737
GO:0007200,GO,3.4071314847835255,1.4832240208546563
GO:0001701,GO,3.4071282193919568,1.4832232799208334
HGNC:9395,HGNC,3.405283731327596,1.482804668511923
HGNC:1046,HGNC,3.404972732363482,1.482734069213134
EMAPA:17891,EMAPA,3.404848639959727,1.4827058978351868
HP:0003394,HP,3.4047470247407428,1.482682828622284
FBBT:00005614,FBBT,3.404490382074953,1.4826245619065603
HGNC:4923,HGNC,3.4023639157213283,1.482141650228214
HGNC:25553,HGNC,3.4019978512088023,1.4820584949643967
HGNC:3230,HGNC,3.401916979976653,1.482040123311853
GO:0004175,GO,3.4013900805447204,1.4819204184261914
HGNC:14085,HGNC,3.401218725840242,1.4818814857169755
HGNC:20973,HGNC,3.400991848080212,1.4818299355391706
HGNC:11540,HGNC,3.4003145046629095,1.4816760167022407
UBERON:0001875,UBERON,3.400114107099877,1.4816304740197401
HGNC:9445,HGNC,3.399879106083679,1.4815770646566733
HGNC:12828,HGNC,3.3994803005199254,1.4814864204300657
HGNC:26838,HGNC,3.3991075932625434,1.4814017006404576
HGNC:4427,HGNC,3.399002035452134,1.4813777050743944
MP:0008810,MP,3.3978452281762603,1.4811147001027551
HGNC:7732,HGNC,3.3970717917595157,1.480938817506709
HGNC:11368,HGNC,3.3967861066003446,1.4808738437119142
HGNC:17838,HGNC,3.395370309382746,1.4805517845576293
HGNC:3231,HGNC,3.3953409372413508,1.4805451020172589
HGNC:7955,HGNC,3.3952779045939043,1.4805307611275942
HGNC:24502,HGNC,3.3952613995697405,1.4805270059486244
HP:0000054,HP,3.3951719548809236,1.4805066554868864
HGNC:23212,HGNC,3.3943261683617973,1.4803142016038826
HGNC:8008,HGNC,3.394307014320215,1.4803098427823949
HGNC:11757,HGNC,3.393175571903852,1.4800523304831639
FBBT:00005518,FBBT,3.392001899480302,1.4797851366935435
ZFA:0001613,ZFA,3.3918117068731455,1.4797418314469366
HGNC:6059,HGNC,3.391204126668603,1.4796034780118463
HP:0011805,HP,3.390609308014674,1.4794680119923818
HGNC:7945,HGNC,3.3903902677278213,1.4794181223904044
EMAPA:17782,EMAPA,3.390336396402926,1.4794058520335294
HGNC:14056,HGNC,3.3895630713120597,1.4792296939588931
HGNC:3338,HGNC,3.3893092096184247,1.4791718592654195
MP:0012307,MP,3.3874214130127656,1.4787416770675281
FYPO:0006518,FYPO,3.3873057377784126,1.4787153115219398
HGNC:12858,HGNC,3.3864398926225574,1.478517939682103
HGNC:16627,HGNC,3.3861976797095816,1.4784627195932667
HGNC:29298,HGNC,3.3860763559357365,1.4784350588582371
HP:0002076,HP,3.386039198720133,1.478426587192452
HGNC:1968,HGNC,3.386017865893414,1.4784217233785115
GO:0098869,GO,3.385890457845663,1.47839267427242
HGNC:4601,HGNC,3.383706925394512,1.4778946964518083
HGNC:403,HGNC,3.3830680660427603,1.477748950871819
HP:0000772,HP,3.3830593065720422,1.4777469523905407
HGNC:4795,HGNC,3.3822494326237673,1.4775621616490673
MONDO:0015924,MONDO,3.38,1.4770487243883548
MP:0009454,MP,3.379521095146693,1.4769393794028054
HGNC:9891,HGNC,3.378679915510537,1.4767472898086709
HGNC:11104,HGNC,3.378442108802236,1.4766929781963172
REACTOME:R-DDI-420499,REACTOME,3.3778766222043046,1.4765638173888844
UBERON:0002728,UBERON,3.377144137288161,1.476396488278429
GO:0007229,GO,3.376751894936773,1.4763068727860342
HGNC:15898,HGNC,3.3765964280366334,1.4762713510874979
HGNC:18745,HGNC,3.375949169568126,1.4761234493228126
HGNC:801,HGNC,3.375534476865987,1.4760286784886996
REACTOME:R-XTR-9840309,REACTOME,3.374863328984201,1.4758752802323019
HGNC:2951,HGNC,3.374259795676607,1.475737315935777
HP:0100704,HP,3.374118896088735,1.4757051043471276
HGNC:25419,HGNC,3.373313729807203,1.47552101232419
MP:0008211,MP,3.373258819089459,1.4755084563847203
HGNC:6158,HGNC,3.373112577586858,1.4754750158878602
HGNC:9381,HGNC,3.3726016584812397,1.475358177150072
HGNC:3508,HGNC,3.3718582871101885,1.4751881560447166
HGNC:8557,HGNC,3.370648601337289,1.474911419452786
HP:0007688,HP,3.3704695699844565,1.4748704564205175
HGNC:9758,HGNC,3.3702306393333115,1.4748157855942718
HGNC:10382,HGNC,3.3700183865300906,1.4747672165426042
GO:1903231,GO,3.3698003862612995,1.4747173298631424
HGNC:9346,HGNC,3.369028746846181,1.4745407296789825
HGNC:3383,HGNC,3.3686021325766893,1.4744430798066732
HGNC:8619,HGNC,3.3685340635730507,1.4744274982700891
ZFA:0000014,ZFA,3.3679518189487365,1.474294207921314
HGNC:13875,HGNC,3.3660009818233756,1.4738474830071076
HGNC:11849,HGNC,3.3647301096026583,1.4735563568193037
HGNC:6881,HGNC,3.364490404272827,1.4735014366051769
GO:0007618,GO,3.3642540602032938,1.473447283554746
HP:0001317,HP,3.364096637602916,1.4734112119976226
MP:0003131,MP,3.364061831766405,1.4734032364695353
HGNC:10781,HGNC,3.3640209284475104,1.4733938636622377
HGNC:812,HGNC,3.363415348933118,1.4732550876239792
HGNC:589,HGNC,3.3633605660463584,1.4732425324977116
ZFIN:ZDB-GENE-050510-4,ZFIN,3.363029295668801,1.473166608688905
HGNC:9232,HGNC,3.362893752566888,1.4731355419235497
HGNC:563,HGNC,3.361699230670472,1.4728617132403836
GO:0034599,GO,3.3611262188623763,1.4727303310839401
GO:0008340,GO,3.359840919814208,1.4724355704141574
HGNC:18809,HGNC,3.359687224286245,1.4724003172386555
HGNC:29814,HGNC,3.358841776172452,1.4722063744034826
MONDO:0005308,MONDO,3.358749999999999,1.4721853190077236
HGNC:6561,HGNC,3.357541722054724,1.4719080731349272
HP:0000989,HP,3.354621050327625,1.471237591668311
HGNC:15937,HGNC,3.3542258092206825,1.471146823943585
MP:0004486,MP,3.353980425249882,1.4710904669937703
FYPO:0006836,FYPO,3.3539542102119,1.4710844460395305
MP:0009355,MP,3.352476771087472,1.4707450557332653
HGNC:15574,HGNC,3.3522410882468665,1.4706909051348263
HGNC:4584,HGNC,3.352218174963384,1.4706856404118172
HGNC:6698,HGNC,3.351915208201238,1.4706160259541954
HGNC:12672,HGNC,3.3512961092399305,1.4704737568675856
HGNC:11924,HGNC,3.349666035477688,1.4700990686999553
HGNC:20974,HGNC,3.348972935896948,1.4699397105326633
GO:0075523,GO,3.3487824830551305,1.469895916971526
HGNC:11406,HGNC,3.347608747543566,1.469625980744517
HGNC:11469,HGNC,3.3466511725444885,1.4694057032253833
HGNC:14398,HGNC,3.346447619607195,1.4693588722984152
HP:0001863,HP,3.346324907145515,1.4693306390825316
HGNC:3678,HGNC,3.3446401961391037,1.4689429465748545
MP:0000607,MP,3.3439590672955113,1.4687861597731304
HGNC:17360,HGNC,3.342477597636295,1.4684450602565562
GO:0015276,GO,3.342419461547222,1.4684316723974538
HGNC:21370,HGNC,3.342105301632281,1.4683593230349625
ZFA:0000093,ZFA,3.3419977225732924,1.4683345469449751
HP:0003048,HP,3.341442709103437,1.4682067143249489
EMAPA:16388,EMAPA,3.341366975304509,1.468189269787597
HGNC:29933,HGNC,3.3413543309956544,1.468186357265495
HGNC:13841,HGNC,3.3410280303421476,1.468111193412976
ZFA:0000149,ZFA,3.3408508884025907,1.4680703861312254
HGNC:17158,HGNC,3.3408348660373,1.468066695058836
MP:0002938,MP,3.340756207390582,1.4680485742682907
HGNC:12502,HGNC,3.339473559801029,1.4677530411699076
HGNC:17083,HGNC,3.3386641855020116,1.4675665093758479
HGNC:61,HGNC,3.3385989075368383,1.467551463625944
HGNC:11588,HGNC,3.3385447652530407,1.4675389843387867
HP:0002067,HP,3.338362487449388,1.4674969698747915
HP:0012649,HP,3.338339845770058,1.4674917509152234
HP:0000278,HP,3.3378309968737514,1.4673744528799222
HP:0004233,HP,3.336227188295658,1.4670046585893761
GO:0000381,GO,3.3354969475958014,1.4668362397858858
GO:0046856,GO,3.33420465942916,1.466538123833391
HGNC:19094,HGNC,3.334152288798097,1.466526040659757
GO:0001594,GO,3.332568230334765,1.4661604909740427
HGNC:1700,HGNC,3.332230727669297,1.466082588955248
HGNC:24624,HGNC,3.331979142558154,1.4660245143898851
HGNC:13202,HGNC,3.331971521587107,1.4660227551529406
MP:0002027,MP,3.3319693707946803,1.4660222586600735
HGNC:6872,HGNC,3.3319637521438388,1.466020961639249
HGNC:13610,HGNC,3.331716730639067,1.4659639370282123
MP:0002842,MP,3.3315326234313987,1.46592143399034
HP:0007256,HP,3.3312346621101634,1.4658526427342595
HGNC:15625,HGNC,3.3300436459316223,1.4655776218554264
HP:0000405,HP,3.329888882640586,1.4655418794774016
HGNC:14629,HGNC,3.329700982877177,1.4654984825576036
HGNC:16821,HGNC,3.329636336367683,1.4654835515052351
GO:0038187,GO,3.32865987333414,1.4652579960347285
MP:0004200,MP,3.3285576803183967,1.4652343872908993
REACTOME:R-DDI-5423646,REACTOME,3.3281320995985837,1.4651360631667882
MP:0000245,MP,3.328034363714256,1.4651134813727007
HGNC:6005,HGNC,3.3276326988523275,1.4650206716887528
HP:0011220,HP,3.3272879945101805,1.464941016575889
HGNC:7710,HGNC,3.3267081327217505,1.4648070063959042
GO:0001889,GO,3.325906278578169,1.4646216626124509
HGNC:7598,HGNC,3.3243973682561627,1.464272793856182
GO:0006406,GO,3.3243909612919533,1.464271312269637
HGNC:6637,HGNC,3.3220989940104055,1.463741162498556
HGNC:2554,HGNC,3.3215319365887126,1.4636099543460885
HGNC:17169,HGNC,3.3212541199091516,1.4635456656600467
HGNC:9903,HGNC,3.321124485083714,1.4635156658575912
HGNC:6344,HGNC,3.321073995370509,1.4635039813971338
HGNC:3238,HGNC,3.320020270895081,1.4632600945818344
HGNC:3586,HGNC,3.3188043377717604,1.4629785902831753
GO:0006644,GO,3.3177034461762087,1.4627236512200599
HP:0001279,HP,3.3171979800512723,1.4626065760849627
HGNC:10518,HGNC,3.3157458996629767,1.4622701716272892
HGNC:4389,HGNC,3.3156742937759196,1.46225357971415
HGNC:12783,HGNC,3.3146937094595352,1.4620263392719728
HGNC:845,HGNC,3.313747452640168,1.4618070049089322
HGNC:19819,HGNC,3.3136839413492627,1.4617922818035245
HGNC:18040,HGNC,3.3135787458361174,1.4617678950386919
HGNC:1157,HGNC,3.3134691692357308,1.4617424920036164
HGNC:3481,HGNC,3.312800198070236,1.461587391081456
HGNC:11605,HGNC,3.3126787504419037,1.4615592308763092
HGNC:1834,HGNC,3.312497149421492,1.4615171213535476
MP:0003638,MP,3.3116924768274587,1.461330513073526
REACTOME:R-SCE-6809371,REACTOME,3.311114625669665,1.4611964845253302
HGNC:60,HGNC,3.3102140715499355,1.4609875714552847
HGNC:25725,HGNC,3.3100461578869815,1.4609486135448488
MP:0005606,MP,3.309840377880479,1.4609008681352804
HP:0002180,HP,3.3091279623026986,1.4607355547123082
EMAPA:16148,EMAPA,3.3081598706121076,1.4605108687755182
MP:0003229,MP,3.3077971631832805,1.4604266744306258
NCBIGENE:2876470,NCBIGENE,3.307264527539601,1.4603030222355562
HGNC:2680,HGNC,3.3071133623599698,1.4602679262178104
HGNC:7795,HGNC,3.3062776168230847,1.4600738689547585
HGNC:17211,HGNC,3.305776873944357,1.4599575801226736
HGNC:4445,HGNC,3.305252578728383,1.4598358071756632
HGNC:10886,HGNC,3.3046953000523427,1.4597063572220366
UBERON:0002038,UBERON,3.3046911575500495,1.4597053948997356
ZFIN:ZDB-GENE-120215-116,ZFIN,3.3043943295203575,1.459636437975041
HGNC:16860,HGNC,3.3043606438787525,1.4596286120718276
HGNC:13221,HGNC,3.3041389350197816,1.45957710277988
HGNC:21863,HGNC,3.304066249764256,1.4595602153442377
HGNC:464,HGNC,3.3038119172503455,1.4595011223810126
HP:0001274,HP,3.3037479773541683,1.4594862656975944
HGNC:1720,HGNC,3.30371539031435,1.4594786938873117
HGNC:3756,HGNC,3.3031286989129023,1.4593423625221158
MP:0002795,MP,3.302645118645543,1.4592299774471371
HGNC:24034,HGNC,3.301936898060948,1.459065362690762
HGNC:5297,HGNC,3.2997413014608523,1.4585548584387193
GO:0042273,GO,3.298239916091978,1.458205617065391
WB:WBGene00019893,WB,3.2973210647325875,1.4579918203475408
HGNC:8983,HGNC,3.2969741348707333,1.457911085428857
HGNC:7668,HGNC,3.2968857697434584,1.4578905207167814
HGNC:10472,HGNC,3.2961712669944347,1.4577242230307272
REACTOME:R-DDI-191273,REACTOME,3.296031381959413,1.4576916621052582
HGNC:2595,HGNC,3.2955381101076853,1.4575768351571143
MP:0020470,MP,3.295253307964473,1.4575105311044476
HGNC:8974,HGNC,3.294987025177051,1.45744853451828
HP:0000540,HP,3.2945787926742587,1.457353481401101
HGNC:20454,HGNC,3.2939251355033012,1.45720126462908
GO:0051897,GO,3.2935699348242307,1.4571185395325612
HGNC:11587,HGNC,3.293416362953003,1.457082771018226
HP:0002151,HP,3.2927150766937445,1.4569194177628637
HP:0033102,HP,3.291714973504098,1.4566864137804623
HGNC:2269,HGNC,3.2903148777341467,1.4563601283196466
HGNC:25537,HGNC,3.2900594825865093,1.4563005982485824
EMAPA:35831,EMAPA,3.2900067885904787,1.4562883153606965
HGNC:11465,HGNC,3.289320476439384,1.4561283232934032
HGNC:6483,HGNC,3.287725011455899,1.4557562919210296
GO:0032496,GO,3.287246872906917,1.4556447723601669
HP:0000132,HP,3.286510806800601,1.4554730702580962
GO:0008544,GO,3.2859364136557887,1.455339061116739
HGNC:3720,HGNC,3.285745441559572,1.4552945022776513
HGNC:11160,HGNC,3.2847292131424393,1.455057355920457
MP:0004800,MP,3.2844404584310625,1.4549899620602458
EMAPA:17537,EMAPA,3.2839739027542003,1.4548810607728764
HGNC:9189,HGNC,3.282898058121207,1.454629896837297
HGNC:14264,HGNC,3.2826922597432473,1.4545818444858858
UBERON:0006922,UBERON,3.2819350725854375,1.4544050271813138
REACTOME:R-DDI-211981,REACTOME,3.2815487831503445,1.4543148093583198
HGNC:3349,HGNC,3.28108721988529,1.4542070006729246
HGNC:7897,HGNC,3.2810497578064477,1.454198250035335
HGNC:5998,HGNC,3.2809508767167026,1.4541751523753441
HGNC:4333,HGNC,3.280822374437502,1.4541451346966598
HGNC:3436,HGNC,3.280579870778384,1.454088484243326
HGNC:25608,HGNC,3.2803528109049105,1.4540354386507557
HGNC:11050,HGNC,3.2800280958241026,1.4539595740170432
HGNC:2172,HGNC,3.2796751534961492,1.453877107997399
HGNC:7693,HGNC,3.279368972334047,1.4538055623533455
HGNC:2578,HGNC,3.2783621674448176,1.4535702651986606
HGNC:17052,HGNC,3.2782546019363794,1.4535451231334395
HGNC:236,HGNC,3.278040059878562,1.453494974776857
MP:0005165,MP,3.2780051340257916,1.4534868107590242
HGNC:3279,HGNC,3.277632904311404,1.4533997968594285
MONDO:0008200,MONDO,3.27756923893221,1.4533849134287091
HGNC:23818,HGNC,3.277477359287094,1.453363433792318
UBERON:0000997,UBERON,3.2749002239163163,1.4527607626815748
HGNC:2555,HGNC,3.2746304046285406,1.4526976435936183
HP:6000816,HP,3.273893451643201,1.4525252271625348
HGNC:6316,HGNC,3.2721388803071445,1.4521146105646665
HGNC:6665,HGNC,3.27106279883676,1.451862695295312
HGNC:19061,HGNC,3.270925753645904,1.4518306078744438
HGNC:6514,HGNC,3.2707052615174304,1.4517789802337435
HGNC:4504,HGNC,3.27051353961289,1.4517340868973154
HGNC:25652,HGNC,3.270387554385133,1.4517045852729833
HGNC:30497,HGNC,3.26979214622977,1.4515651483577894
MP:0013294,MP,3.269494845602376,1.4514955171045483
EMAPA:17883,EMAPA,3.268782477291973,1.4513286524584104
MP:0001554,MP,3.268095216140231,1.4511676425018647
FYPO:0000251,FYPO,3.2679046121861433,1.4511229836551092
HGNC:2323,HGNC,3.2678726406187364,1.4511154924644514
HGNC:10250,HGNC,3.266794912665839,1.4508629394617956
HGNC:3581,HGNC,3.2666189101848593,1.450821689269397
HGNC:7007,HGNC,3.265992631476205,1.450674892780017
GO:0006665,GO,3.264966638317512,1.450434358713169
GO:0042593,GO,3.2647567125261965,1.4503851365326308
GO:0003727,GO,3.264731077698759,1.4503791256611533
GO:1902531,GO,3.2635539563598277,1.4501030745344132
HGNC:603,HGNC,3.263388811333429,1.4500643396605155
HGNC:315,HGNC,3.2609425313140417,1.449490387290949
HGNC:6528,HGNC,3.2604690157348286,1.4493792518113195
HGNC:2594,HGNC,3.2604538057540275,1.4493756817799697
HGNC:938,HGNC,3.25931962950132,1.449109436141391
MP:0011704,MP,3.259201156905087,1.4490816208435922
HGNC:11254,HGNC,3.2576861493388094,1.4487258552856408
HGNC:1555,HGNC,3.2576738475758433,1.4487229659743326
HGNC:10990,HGNC,3.2562598807515895,1.448390812381793
HGNC:6118,HGNC,3.25612636155343,1.4483594418132193
HGNC:10848,HGNC,3.2559542077624646,1.4483189925271518
FYPO:0000095,FYPO,3.2552773574656984,1.448159943794191
HGNC:13760,HGNC,3.2543034871771677,1.4479310558358855
HGNC:13450,HGNC,3.254223713193511,1.4479123042983326
HGNC:11494,HGNC,3.2535539473537427,1.4477548564035063
HGNC:6512,HGNC,3.253046091810604,1.447635453694691
HGNC:9934,HGNC,3.25278213230721,1.4475733881329318
HGNC:3537,HGNC,3.2527395897896043,1.4475633846272102
MP:0008560,MP,3.252402253183946,1.4474840592938851
HGNC:15830,HGNC,3.2521047149818805,1.4474140874064376
HGNC:11186,HGNC,3.2520830370951677,1.4474089892389594
EMAPA:16033,EMAPA,3.251784554818615,1.447338790056423
HGNC:17210,HGNC,3.2514080466472857,1.4472502331603907
HGNC:1530,HGNC,3.2512952921238045,1.447223711119342
HGNC:24989,HGNC,3.251058051618394,1.4471679052745645
FYPO:0002578,FYPO,3.2504618838492263,1.4470276555839985
HGNC:10377,HGNC,3.250419068431174,1.4470175824119842
HGNC:6207,HGNC,3.2493319989193123,1.4467617938579018
MP:0001404,MP,3.2489089026181404,1.446662221180115
HGNC:11470,HGNC,3.248897614730868,1.4466595645210703
HGNC:6563,HGNC,3.248460711294083,1.446556731753425
MGI:96572,MGI,3.2481870109156796,1.4464923062558765
HGNC:10473,HGNC,3.248046595020881,1.4464592525755462
FBBT:00000424,FBBT,3.24697772446834,1.4462076063134564
HGNC:319,HGNC,3.2464815687841755,1.4460907738974529
HGNC:19680,HGNC,3.246064735965559,1.445992609506234
MP:0002175,MP,3.24487365634325,1.4457120563859334
HGNC:14889,HGNC,3.2442663027464436,1.445568966838401
HGNC:3796,HGNC,3.2441927251215983,1.44555163091804
HGNC:20869,HGNC,3.2437498765953348,1.4454472832457135
HGNC:10761,HGNC,3.242887723413564,1.4452441042659168
HGNC:12269,HGNC,3.2424613439239107,1.445143606458077
HGNC:9564,HGNC,3.2410220663813103,1.444804293586984
HGNC:16636,HGNC,3.2408737053400185,1.4447693105960822
HGNC:263,HGNC,3.240641395144167,1.4447145302430067
HGNC:11834,HGNC,3.240438417317777,1.4446666642092192
HGNC:961,HGNC,3.240437379922293,1.4446664195657393
HGNC:11433,HGNC,3.240338121482421,1.4446430116969988
HGNC:7136,HGNC,3.2402182465191167,1.4446147411548056
HGNC:7565,HGNC,3.239604234378724,1.4444699239389147
HGNC:3416,HGNC,3.2392603727947273,1.444388813648772
HGNC:1514,HGNC,3.238344837744183,1.4441728245737049
HGNC:23207,HGNC,3.2381574697255275,1.444128615768731
HGNC:6501,HGNC,3.2380864555948476,1.4441118597311966
EMAPA:32768,EMAPA,3.2376599816933243,1.444011225785847
HGNC:4249,HGNC,3.237307774707976,1.4439281087768685
HGNC:8071,HGNC,3.236641846310902,1.4437709380528905
HGNC:4620,HGNC,3.2359691568651465,1.4436121465193439
HGNC:10632,HGNC,3.2359083236679207,1.4435977853113668
HGNC:3433,HGNC,3.235514022846148,1.4435046956728317
HGNC:16944,HGNC,3.2339749773488284,1.4431412627634261
HGNC:24224,HGNC,3.2332394464200904,1.442967526539498
MONDO:0008678,MONDO,3.2306074660293067,1.4423455917377825
MP:0000182,MP,3.230079101031286,1.44222069289074
HGNC:11109,HGNC,3.2296884725637467,1.4421283431980518
MONDO:0017276,MONDO,3.2289359465737513,1.4419504121410165
HGNC:8977,HGNC,3.22878531670649,1.4419147926490545
HGNC:18700,HGNC,3.227763264280459,1.4416730740752843
HGNC:11153,HGNC,3.2276946902865844,1.4416568540209136
HGNC:6112,HGNC,3.2263159184775665,1.4413306723102324
EMAPA:35217,EMAPA,3.226314328875694,1.4413302961901784
HGNC:21100,HGNC,3.2258860629607464,1.4412289578651363
HGNC:6886,HGNC,3.2246742417963072,1.4409421553031656
HGNC:23526,HGNC,3.2228947309453018,1.4405208480884937
GO:0015020,GO,3.221995380959661,1.440307855384711
HGNC:626,HGNC,3.2212815000059103,1.4401387549357938
HGNC:4512,HGNC,3.2208819168937235,1.4400440912594938
HGNC:30185,HGNC,3.220786985317057,1.4400216000725568
HGNC:15772,HGNC,3.2207609328157853,1.440015427626099
MONDO:0005178,MONDO,3.220567786763775,1.439969665623822
HGNC:10785,HGNC,3.2204222332398427,1.4399351783128307
HGNC:7966,HGNC,3.2203479380457605,1.4399175744230015
HGNC:7692,HGNC,3.220292502524945,1.4399044390403948
HGNC:19162,HGNC,3.219010596226985,1.4396006446884635
HGNC:23987,HGNC,3.2189545978764724,1.4395873717371712
MP:0002024,MP,3.2182497440815774,1.439420289426973
HGNC:12617,HGNC,3.2175711762982195,1.439259411714839
EMAPA:16046,EMAPA,3.217319173816193,1.4391996593122252
HGNC:15513,HGNC,3.2170604030014136,1.4391382983520018
HGNC:9893,HGNC,3.2166436701961114,1.4390394727821159
GO:0006821,GO,3.2158211504407523,1.4388443887170264
HGNC:11813,HGNC,3.2138882319201563,1.4383857919927983
MP:0002109,MP,3.213654411383483,1.438330302380552
HGNC:12022,HGNC,3.2136259020632574,1.4383235364206775
HGNC:6257,HGNC,3.2134834337370295,1.4382897245118569
ZFA:0000133,ZFA,3.213400060085974,1.4382699369709186
HGNC:27424,HGNC,3.2131751406396036,1.4382165536114717
HGNC:6873,HGNC,3.2131407595588253,1.438208393205148
MP:0004753,MP,3.2131330244105816,1.4382065572457567
MP:0005627,MP,3.212366303340971,1.438024557095522
HGNC:28883,HGNC,3.211543958203338,1.4378293163783933
HGNC:12609,HGNC,3.211209556970394,1.437749912123593
GO:0043123,GO,3.210848998472592,1.4376642897082064
HGNC:11812,HGNC,3.210693966795092,1.4376274718285953
HGNC:13923,HGNC,3.210210909275784,1.4375127436546171
GO:0000365,GO,3.209999999999998,1.4374626476942896
HGNC:2962,HGNC,3.2099001064888633,1.43743891973793
ZFIN:ZDB-GENE-070705-340,ZFIN,3.209880836964479,1.4374343425346716
HGNC:7605,HGNC,3.2098045616849142,1.4374162242141038
HGNC:8808,HGNC,3.209631299439247,1.4373750665288265
HGNC:4881,HGNC,3.2086807344245893,1.4371492338405456
HGNC:2877,HGNC,3.207962826082996,1.4369786412906358
HGNC:25769,HGNC,3.2064709686369777,1.436624046436592
HGNC:12766,HGNC,3.2059750517594936,1.4365061456793435
EMAPA:16849,EMAPA,3.2053987041073966,1.436369105602484
HGNC:2466,HGNC,3.205097993546116,1.4362975972071492
HGNC:4075,HGNC,3.2047977929903526,1.4362262049893357
HGNC:9854,HGNC,3.2042457639686357,1.4360949108608725
HGNC:6960,HGNC,3.2041933356620116,1.4360824404591717
HGNC:6484,HGNC,3.203286476559947,1.4358667137192125
HGNC:13013,HGNC,3.2032232539421917,1.4358516723715467
MP:0001410,MP,3.202728364099441,1.4357339248836214
HGNC:23785,HGNC,3.2018923175570317,1.4355349756206306
HGNC:11201,HGNC,3.201730727188017,1.4354965183104502
HGNC:8724,HGNC,3.2010128978250716,1.435325662362268
HGNC:11317,HGNC,3.2005870259783737,1.4352242836127622
HP:0003401,HP,3.2005653537466916,1.4352191242654007
GO:0036094,GO,3.199067243807717,1.4348624158171535
HGNC:11237,HGNC,3.198477206133176,1.4347218895766485
HGNC:8725,HGNC,3.197793090139929,1.4345589324610195
HP:0000113,HP,3.19721866423625,1.434422083122059
HGNC:14098,HGNC,3.195269986368059,1.433957696934758
HGNC:9847,HGNC,3.1949202032965975,1.4338743178780842
HGNC:12840,HGNC,3.1944257042527413,1.4337564304885597
ZFA:0009288,ZFA,3.193749626897042,1.4335952327714228
NCBIGENE:2876224,NCBIGENE,3.1931406781647333,1.433450018344805
HGNC:12612,HGNC,3.1926672842186363,1.4333371147465532
HGNC:17078,HGNC,3.1926617725682873,1.4333358001528596
HGNC:5525,HGNC,3.192564616369609,1.4333126269684573
HGNC:1698,HGNC,3.1922036050242353,1.433226515740081
HGNC:11990,HGNC,3.1917105003692323,1.4331088846075641
HGNC:5381,HGNC,3.1905448420899543,1.4328307593920537
HGNC:19097,HGNC,3.190345987533453,1.4327833051152754
HGNC:24618,HGNC,3.189340760487142,1.4325433851561267
MONDO:0700268,MONDO,3.188750000000002,1.4324023600693836
HP:0100671,HP,3.1882156267127733,1.432274778481547
HGNC:11316,HGNC,3.1881476692192305,1.432258552467669
HGNC:9314,HGNC,3.1869352597625804,1.4319690247160275
MP:0005568,MP,3.186858630879972,1.4319507226456372
HGNC:76,HGNC,3.1864997099551045,1.4318649933813496
HGNC:18510,HGNC,3.1863728211089803,1.4318346838679388
MP:0003917,MP,3.1863311419420413,1.431824727904579
HGNC:555,HGNC,3.1850471805648635,1.4315179776090408
HGNC:3978,HGNC,3.183493242272782,1.431146601423607
HGNC:7213,HGNC,3.1834543133559117,1.4311372960188313
HGNC:7531,HGNC,3.18289784288467,1.4310042701882972
HGNC:3353,HGNC,3.1822260808742007,1.430843660012516
HGNC:9397,HGNC,3.1817023264987836,1.4307184187740472
REACTOME:R-DDI-418555,REACTOME,3.181512491059871,1.430673021054848
HGNC:3374,HGNC,3.1807576000824556,1.4304924741528133
HGNC:13724,HGNC,3.1804667765922043,1.430422909343339
HGNC:3596,HGNC,3.1793256492576827,1.4301499055931308
HGNC:25789,HGNC,3.1789469751155317,1.4300592949707145
HGNC:11595,HGNC,3.1788027588837773,1.4300247841905742
ZFA:0000001,ZFA,3.1787856850805065,1.4300206983700328
HGNC:23360,HGNC,3.1786990437210476,1.429999964533891
HP:0000225,HP,3.1784016175875807,1.4299287852707359
HGNC:1874,HGNC,3.1782103967611346,1.429883020114677
HGNC:11935,HGNC,3.178081878182618,1.4298522604010868
HGNC:9113,HGNC,3.1770831886394673,1.4296132011988043
HGNC:24274,HGNC,3.1761122077382855,1.4293807198884843
HP:0002024,HP,3.174645326259316,1.429029402900035
HP:0100022,HP,3.1746245915015043,1.4290244360567024
FBBT:00005828,FBBT,3.1744609957655947,1.4289852471576976
REACTOME:R-DDI-204005,REACTOME,3.1742223457148047,1.4289280764539845
HGNC:26956,HGNC,3.174090391552512,1.4288964642788164
HGNC:29322,HGNC,3.1734386460609056,1.4287403113645845
HGNC:11517,HGNC,3.1734213952901578,1.4287361778890828
HGNC:2328,HGNC,3.1717430613100897,1.4283339487870863
GO:0005178,GO,3.171425761744737,1.428257886664352
HGNC:13917,HGNC,3.169727251097842,1.4278506262609627
HGNC:29554,HGNC,3.168930417148249,1.427659508221652
HGNC:15860,HGNC,3.1685248278945326,1.427562214924809
ZFA:0001464,ZFA,3.168483889772505,1.427552394106956
UBERON:0001614,UBERON,3.167867372534026,1.427404483535483
HGNC:6394,HGNC,3.167448349104417,1.4273039418298163
HGNC:17575,HGNC,3.1672689272132746,1.4272608877260664
HGNC:3265,HGNC,3.1672607831028947,1.4272589334201458
HGNC:12644,HGNC,3.1670400969365615,1.4272059748889956
HGNC:2093,HGNC,3.166620561996977,1.4271052904582013
HGNC:10700,HGNC,3.1665643625375557,1.4270918023477295
HP:0009830,HP,3.1663839398604265,1.4270484989044319
HGNC:2214,HGNC,3.164790092420753,1.4266658763705746
HGNC:4922,HGNC,3.1647250957027007,1.4266502700077586
FYPO:0001103,FYPO,3.1638830549129473,1.4264480655631757
HGNC:7967,HGNC,3.1637261508952585,1.4264103827147543
HGNC:2700,HGNC,3.163654245059684,1.4263931129775362
NCBIGENE:2875902,NCBIGENE,3.162693514530889,1.4261623442033275
HGNC:797,HGNC,3.1624370288614667,1.4261007269906805
MP:0005458,MP,3.1618483493330385,1.4259592903381235
HGNC:8140,HGNC,3.161847915487289,1.4259591860945915
HGNC:2292,HGNC,3.161186741561166,1.4258003080039052
HGNC:445,HGNC,3.160119441984548,1.4255437858765063
HGNC:6416,HGNC,3.1597552314894957,1.4254562339578587
HGNC:4501,HGNC,3.1596558143890556,1.4254323339245758
HGNC:16935,HGNC,3.1584809118716413,1.425149842168575
ZFA:0001202,ZFA,3.157862031834004,1.4250010075082038
HGNC:11926,HGNC,3.157644673475918,1.4249487296697416
HGNC:2084,HGNC,3.15734444940494,1.424876516930393
HGNC:11219,HGNC,3.1564552863873736,1.4246626164157754
MP:0011940,MP,3.155834658432004,1.4245132886226781
HGNC:32594,HGNC,3.1551744962116537,1.4243544241070807
HGNC:17999,HGNC,3.155086938032372,1.4243333518026826
HGNC:9173,HGNC,3.154828937338616,1.4242712571442748
ZFIN:ZDB-GENE-020709-1,ZFIN,3.1545876979522935,1.4242131930473645
HGNC:16889,HGNC,3.153735680365606,1.4240080932815327
GO:0042391,GO,3.152854840322682,1.423796011069455
HGNC:55,HGNC,3.1521399170248356,1.4236238440012026
HGNC:8648,HGNC,3.151741441869254,1.423527870771657
HGNC:18276,HGNC,3.151280402158665,1.4234168172974584
HGNC:5541,HGNC,3.151119283056566,1.4233780046388953
UBERON:0007227,UBERON,3.1510592416597407,1.4233635406288412
HGNC:8905,HGNC,3.150974267323008,1.4233430699004
GO:0003724,GO,3.1506971176677303,1.4232763002964184
HGNC:272,HGNC,3.1500987821058732,1.4231321368763998
HGNC:7819,HGNC,3.150006681614746,1.4231099442689605
HP:0000421,HP,3.1494163203575587,1.4229676786540997
GO:0006302,GO,3.1493506420874926,1.4229518502134735
HGNC:16629,HGNC,3.148583324057068,1.4227669082662993
MONDO:0018881,MONDO,3.1485306963234643,1.4227542224737513
HGNC:12492,HGNC,3.1478605829531054,1.4225926791353867
HGNC:7908,HGNC,3.146805030147414,1.4223381654851384
HGNC:10720,HGNC,3.14617865966139,1.42218710514048
HGNC:17687,HGNC,3.145726290192308,1.4220779940321722
MP:0002702,MP,3.1453511768347227,1.4219875079984008
HGNC:18584,HGNC,3.144467853526761,1.421774397601643
HP:0000303,HP,3.1442185358420267,1.4217142390498299
HGNC:10062,HGNC,3.144205862872861,1.4217111810574887
HGNC:3331,HGNC,3.1440756889546577,1.4216797694995198
HGNC:6040,HGNC,3.143337287716182,1.4215015712505588
HP:0002354,HP,3.143293965221466,1.4214911152538108
HGNC:30855,HGNC,3.142265010765694,1.4212427422800515
REACTOME:R-DDI-2559580,REACTOME,3.1420422486009003,1.4211889629698755
HGNC:3438,HGNC,3.141990183332275,1.4211763929397474
HGNC:17165,HGNC,3.1405332522330607,1.4208245844297984
HP:0002863,HP,3.140103329707399,1.4207207463922773
HP:0002500,HP,3.139830334594359,1.4206548050153998
FBBT:00003625,FBBT,3.1397043245707996,1.4206243661009543
HGNC:6819,HGNC,3.1364927281149018,1.419848261666355
HGNC:14219,HGNC,3.136451669997489,1.4198383357885933
HGNC:19426,HGNC,3.1351556153797735,1.4195249614748457
HGNC:18318,HGNC,3.1346596491834084,1.4194050153379387
HGNC:9005,HGNC,3.1346353960862787,1.4193991495181808
HGNC:2681,HGNC,3.1342045871748163,1.4192949489500906
HGNC:5047,HGNC,3.132729435430238,1.41893806893721
HGNC:12624,HGNC,3.1326543963078537,1.4189199114931241
HGNC:1785,HGNC,3.1326442067240805,1.4189174458632026
HGNC:1974,HGNC,3.131868099516487,1.418729629043258
HGNC:14340,HGNC,3.131860174946021,1.4187277111267431
HGNC:2707,HGNC,3.1317231915773585,1.4186945576235717
HGNC:11199,HGNC,3.131465904613036,1.418632284580704
HGNC:1774,HGNC,3.13099982696997,1.4185194665288774
REACTOME:R-SCE-2672351,REACTOME,3.130776022815461,1.4184652883089321
HGNC:9665,HGNC,3.1307674124830047,1.4184632038721623
HGNC:15985,HGNC,3.1307303526072516,1.4184542321634463
HGNC:16635,HGNC,3.1295075267926227,1.4181581569555854
HP:0002460,HP,3.1273555747471544,1.4176369052240916
MP:0009788,MP,3.127250915568125,1.4176115474607245
HGNC:7200,HGNC,3.1272173511146018,1.4176034150280978
HGNC:2948,HGNC,3.1244346449751736,1.4169289546300505
HGNC:16703,HGNC,3.1243844269496033,1.416916778820366
HGNC:6008,HGNC,3.124036962724034,1.4168325289477275
HGNC:4585,HGNC,3.1220294113447418,1.4163456176550246
HGNC:3301,HGNC,3.1219174218760184,1.416318448758622
GO:0006096,GO,3.1217606120441874,1.4162804051011175
HGNC:1173,HGNC,3.1207889114808314,1.4160446283999686
HGNC:689,HGNC,3.1202988633900204,1.4159257003883332
ZFA:0000162,ZFA,3.1202116595792577,1.4159045357261384
HGNC:5359,HGNC,3.1199280040326336,1.415835688459389
ZFIN:ZDB-GENE-070917-4,ZFIN,3.1198188153585344,1.4158091855397001
MP:0009642,MP,3.119449518702148,1.4157195424690632
HGNC:118,HGNC,3.119332848764159,1.4156912203377594
HGNC:1983,HGNC,3.1186049934399587,1.4155145122003503
HGNC:11449,HGNC,3.1185344828906154,1.4154973920460667
HGNC:3680,HGNC,3.117474681394738,1.41524003402701
ZFIN:ZDB-GENE-060130-74,ZFIN,3.1174000483185984,1.4152219079282917
HGNC:11277,HGNC,3.1173012738152917,1.4151979181077876
HGNC:5269,HGNC,3.116990512841189,1.415122438398712
HGNC:10771,HGNC,3.1167645295272735,1.415067546478122
HGNC:3432,HGNC,3.116284076335205,1.4149508331643508
HGNC:24218,HGNC,3.115579519158029,1.4147796551143934
HGNC:6137,HGNC,3.114719905979033,1.4145707652216402
HGNC:1515,HGNC,3.1134240944065357,1.4142557946564314
MONDO:0029000,MONDO,3.113127337261321,1.414183648472746
FBBT:00005558,FBBT,3.113023582066895,1.4141584227759532
EMAPA:18560,EMAPA,3.112814044201163,1.4141074765075492
HGNC:10593,HGNC,3.1117100496633214,1.4138390124525175
HGNC:11370,HGNC,3.111694057457768,1.4138351230156505
HGNC:7230,HGNC,3.111610192351149,1.413814726079316
HGNC:1001,HGNC,3.111192680320078,1.4137131762701098
HGNC:12658,HGNC,3.1104462004928464,1.4135315872122336
HGNC:5006,HGNC,3.1099855268092917,1.4134195070443496
HGNC:8032,HGNC,3.109543345382625,1.4133119141557622
HGNC:17011,HGNC,3.10848941885463,1.4130554229579273
HGNC:2160,HGNC,3.1075149446953008,1.4128182093147064
HGNC:8980,HGNC,3.1073496285650184,1.4127779612670774
HGNC:12453,HGNC,3.10724841206155,1.4127533181858278
HGNC:6401,HGNC,3.107077745343894,1.4127117647548075
HGNC:11408,HGNC,3.1065889308443477,1.4125927400805922
HGNC:14055,HGNC,3.1061582882613803,1.4124878683313777
HGNC:9304,HGNC,3.106128907804066,1.4124807130878716
GO:0009611,GO,3.105680041604692,1.4123713909634563
HGNC:20443,HGNC,3.1046731661354117,1.4121261212536518
HGNC:17849,HGNC,3.104628215828114,1.4121151701860257
HGNC:23845,HGNC,3.10428388580709,1.4120312784310738
GO:0006879,GO,3.1038796281201355,1.4119327770582404
MP:0009643,MP,3.103753922095378,1.4119021455676901
EMAPA:18535,EMAPA,3.103364709728486,1.4118072980616057
HGNC:16783,HGNC,3.1024472037362116,1.4115836746089179
HGNC:6037,HGNC,3.1017704132929027,1.4114186886281854
HGNC:28611,HGNC,3.1016282847470724,1.4113840374912416
MP:0002912,MP,3.1012148137743014,1.411283225865771
HGNC:4593,HGNC,3.100458778905381,1.4110988647442222
HGNC:16999,HGNC,3.1001955298193336,1.4110346627729582
MP:0001053,MP,3.0988673427031768,1.4107106776667515
HGNC:4740,HGNC,3.0986833583248954,1.4106657900204234
GO:0048870,GO,3.0983205114084127,1.4105772584246143
HGNC:1133,HGNC,3.0973421957461644,1.4103385185687047
HGNC:4755,HGNC,3.0966517405713496,1.41016999142997
HGNC:11111,HGNC,3.096409247037671,1.410110796573709
REACTOME:R-SCE-1660661,REACTOME,3.0953811370453175,1.4098597867334794
GO:0030425,GO,3.0930344798999365,1.4092866215891093
HGNC:811,HGNC,3.0929495873582824,1.4092658806394667
HGNC:14935,HGNC,3.092472345295551,1.4091492728293382
HGNC:1337,HGNC,3.0920773032393476,1.409052739220655
HP:0001942,HP,3.0916057903159904,1.4089375067712826
HGNC:18682,HGNC,3.0907829126910613,1.4087363729318694
MP:0002492,MP,3.088523595167912,1.4081839257094944
HGNC:6269,HGNC,3.0883385252071243,1.408138658965823
ZFIN:ZDB-GENE-081119-1,ZFIN,3.0883017346767336,1.4081296600300202
HGNC:26992,HGNC,3.0882900215346383,1.4081267949873606
HGNC:11365,HGNC,3.0877025185753775,1.4079830808248563
HGNC:11478,HGNC,3.087584945200497,1.4079543177078626
UBERON:0001007,UBERON,3.0872610862127745,1.4078750846589103
HP:0012373,HP,3.0870040284313256,1.4078121902511738
HGNC:12508,HGNC,3.0866767507200445,1.4077321093866775
HGNC:18138,HGNC,3.0862778089269254,1.407634484521514
HGNC:4168,HGNC,3.0848701039468707,1.4072899295069698
HGNC:26021,HGNC,3.0839776511566903,1.407071427994765
HGNC:18291,HGNC,3.0837533255080163,1.4070164982598432
HP:0002090,HP,3.083327981058721,1.4069123375606378
MP:0008806,MP,3.083259370372634,1.4068955347804466
HGNC:2900,HGNC,3.083180097310076,1.4068761204290945
HGNC:4087,HGNC,3.082983176000799,1.4068278918295125
HGNC:14258,HGNC,3.082974175493942,1.4068256874322889
HGNC:3312,HGNC,3.0826503954766142,1.406746384247411
ZFIN:ZDB-GENE-050208-608,ZFIN,3.0824999999999987,1.4067095458624828
HGNC:56821,HGNC,3.082499999999998,1.4067095458624825
FYPO:0001701,FYPO,3.0823531310988463,1.4066735699793138
NCBIGENE:111090434,NCBIGENE,3.0815752015097377,1.4064829927082332
HGNC:9711,HGNC,3.0814946076036764,1.4064632467283633
HGNC:6011,HGNC,3.0812969095406046,1.4064148078915524
HGNC:16863,HGNC,3.0810895049047065,1.4063639882842924
HGNC:3518,HGNC,3.08087787834871,1.4063121315330689
MP:0002626,MP,3.0808464607386403,1.4063044327653171
UBERON:0000044,UBERON,3.080100946180965,1.40612172982102
HGNC:13222,HGNC,3.079146587632235,1.4058877968390564
HGNC:2509,HGNC,3.0788977884702926,1.4058268020342848
HGNC:26233,HGNC,3.0786573794275234,1.4057678605897244
HGNC:9802,HGNC,3.0785868810257515,1.4057505757323576
HGNC:9852,HGNC,3.078326324095038,1.4056866895724218
HGNC:6027,HGNC,3.0778837795744076,1.4055781723774403
HGNC:905,HGNC,3.0770816886037884,1.4053814600856875
HGNC:22968,HGNC,3.076871419616964,1.4053298853503216
GO:0006487,GO,3.0768349456941366,1.4053209387630414
HGNC:10662,HGNC,3.0767047067392315,1.4052889921581388
MP:0005463,MP,3.076534603553188,1.4052472656296773
HGNC:6134,HGNC,3.0760331976993176,1.4051242600032963
HGNC:1148,HGNC,3.074188281106087,1.4046715320303107
HGNC:15925,HGNC,3.074059576409939,1.4046399412641952
MP:0001127,MP,3.0734858638597857,1.4044991104936748
HGNC:29089,HGNC,3.073417057651002,1.4044822191155772
HGNC:11623,HGNC,3.0729898135224287,1.4043773276865776
HGNC:9007,HGNC,3.0725153243289176,1.4042608243670125
HGNC:5966,HGNC,3.072421428782264,1.4042377681912548
HGNC:26153,HGNC,3.072301898952612,1.4042084167142674
HGNC:2739,HGNC,3.0722145685216686,1.4041869715047708
HGNC:24238,HGNC,3.072116578721548,1.4041629081904596
HGNC:6553,HGNC,3.071826156669326,1.4040915859668681
HGNC:497,HGNC,3.071795361173183,1.4040840228707503
GO:0005546,GO,3.071158213335591,1.40392753227233
HGNC:24535,HGNC,3.070627318440096,1.4037971198722057
GO:0000045,GO,3.069202633984174,1.4034470672350383
HGNC:9558,HGNC,3.068390789014988,1.4032475377354237
GO:0045214,GO,3.0682149744546754,1.403204322034565
WB:WBGene00004476,WB,3.068188401155328,1.403197790082271
HGNC:18282,HGNC,3.0679955496507425,1.403150384196222
HGNC:9561,HGNC,3.067655395015071,1.4030667634415503
HP:0003326,HP,3.066774887004937,1.402850274275611
HGNC:4540,HGNC,3.066732605157333,1.4028398773226003
HGNC:1856,HGNC,3.0659577742686905,1.4026493300732061
HGNC:17035,HGNC,3.0656285706039244,1.4025683609606654
HGNC:4341,HGNC,3.065414122894613,1.4025156130616703
HGNC:8630,HGNC,3.064556430145933,1.4023046177705394
HGNC:700,HGNC,3.06396077126962,1.4021580574908181
MP:0001522,MP,3.063376397096125,1.4020142529057749
EMAPA:32770,EMAPA,3.063356440690201,1.4020093416071453
GO:0000165,GO,3.0627535114912705,1.4018609485375009
HP:0100806,HP,3.062295976227733,1.401748325158477
UBERON:0004811,UBERON,3.0621328877969805,1.4017081774918523
HGNC:17440,HGNC,3.0612171389601404,1.4014827166074382
GO:0048018,GO,3.061158697482866,1.4014683263653582
GO:0008654,GO,3.060968243996344,1.4014214289238558
HGNC:15598,HGNC,3.0601476530842837,1.4012193407071003
HGNC:6974,HGNC,3.059050798990573,1.4009491529276394
HGNC:18681,HGNC,3.057888268247624,1.4006627073251117
MONDO:0010315,MONDO,3.0566799694694846,1.4003648975706868
HGNC:11479,HGNC,3.055761612755667,1.400138490586197
HGNC:10074,HGNC,3.055743485343031,1.4001340210303213
HGNC:30685,HGNC,3.055721246927731,1.4001285378245047
HGNC:29513,HGNC,3.0548036613936116,1.3999022675033095
EMAPA:19153,EMAPA,3.054458068992058,1.3998170335046416
MGI:1891217,MGI,3.054334550563582,1.39978656819759
HGNC:10451,HGNC,3.054288011690355,1.3997750893371868
HGNC:9200,HGNC,3.053645238078457,1.3996165350932275
HGNC:3275,HGNC,3.052974339841112,1.3994510164741711
HGNC:20751,HGNC,3.052548233618662,1.3993458767453058
HGNC:11450,HGNC,3.0523942432854625,1.399307877627198
HGNC:28979,HGNC,3.0521801808338065,1.3992550525334908
HGNC:16940,HGNC,3.052083512900941,1.3992311964654942
HGNC:17344,HGNC,3.0515226637958968,1.3990927768301589
HGNC:16931,HGNC,3.0506678936890927,1.3988817795439532
MP:0003921,MP,3.0504345044119447,1.3988241604038059
HGNC:8855,HGNC,3.0501988321523337,1.39876597427196
HGNC:9905,HGNC,3.0501126654939203,1.3987446993719908
NCBIGENE:427781,NCBIGENE,3.0498729816680927,1.3986855180755444
HGNC:12586,HGNC,3.0497737508871765,1.3986610155795227
HGNC:59,HGNC,3.049605703538059,1.3986195192278361
HGNC:12831,HGNC,3.0495184987795687,1.3985979848603378
GO:0006367,GO,3.049504492183641,1.398594526024391
HGNC:9020,HGNC,3.049247768535165,1.3985311277031935
HGNC:1060,HGNC,3.048621796428424,1.398376526026057
HGNC:11633,HGNC,3.046674128593064,1.3978953409301744
HGNC:3974,HGNC,3.044536206702187,1.397366885519417
HGNC:12556,HGNC,3.04452635772974,1.3973644503862064
HGNC:16267,HGNC,3.0444943068807957,1.3973565258548513
NCBIGENE:2876375,NCBIGENE,3.0443089609296954,1.3973106980741534
EMAPA:35705,EMAPA,3.043993675278019,1.3972327371802509
HGNC:30389,HGNC,3.043931269548909,1.39721730535329
HGNC:11843,HGNC,3.043449687523627,1.3970982106727234
HGNC:7688,HGNC,3.0430772975214366,1.3970061093285635
HGNC:6383,HGNC,3.0411520702623105,1.3965298172275022
HGNC:11301,HGNC,3.0398058745763374,1.3961966399711385
GO:0048477,GO,3.0397865210108264,1.3961918492429524
HGNC:8621,HGNC,3.0391730045541774,1.3960399691757515
HGNC:2898,HGNC,3.039157939136806,1.3960362393415873
NCBIGENE:2876799,NCBIGENE,3.038257775021344,1.3958133551541088
HGNC:28763,HGNC,3.0377212017565327,1.3956804738607957
EMAPA:36035,EMAPA,3.037180190501013,1.3955464756284834
HGNC:22935,HGNC,3.036880757121643,1.3954723039368282
HP:0001300,HP,3.036455372605995,1.3953669238289752
MP:0008706,MP,3.0361387518683167,1.3952884804604722
MP:0003051,MP,3.0361024595988737,1.395279488591054
HGNC:5330,HGNC,3.035183005935896,1.3950516553243753
HGNC:6541,HGNC,3.0348275152081317,1.394963553647912
HGNC:9273,HGNC,3.0346398392339924,1.3949170385643432
EMAPA:17580,EMAPA,3.0343534244386405,1.394846047107017
UBERON:0035841,UBERON,3.033161745374154,1.3945506205604112
HGNC:8059,HGNC,3.0331102247017094,1.39453784621493
HP:0000722,HP,3.032035462259858,1.3942713259337276
HGNC:463,HGNC,3.031916403679967,1.3942417973398376
HGNC:30611,HGNC,3.030599019467434,1.3939150049791122
HGNC:6348,HGNC,3.0293025550852217,1.3935932977271313
HGNC:1949,HGNC,3.028966139569672,1.3935098019965984
HGNC:12648,HGNC,3.028667827687037,1.3934357574609484
REACTOME:R-DME-390696,REACTOME,3.028403208632563,1.393370071294505
HGNC:9553,HGNC,3.027786814300637,1.3932170475124506
HGNC:18874,HGNC,3.0276303867831325,1.3931782096686445
HGNC:12767,HGNC,3.0273038006040047,1.3930971199485527
HGNC:28957,HGNC,3.0272133666577923,1.393074664488011
HGNC:20731,HGNC,3.026649082931792,1.3929345370074497
GO:0060291,GO,3.025116140468259,1.3925537652289584
HGNC:663,HGNC,3.0246375666299614,1.3924348612584085
MP:0008528,MP,3.0246327526135475,1.3924336651210636
HP:0000337,HP,3.024033573681953,1.3922847761229586
HP:0003128,HP,3.0237500850514496,1.39221432476824
HGNC:21316,HGNC,3.0236160869804953,1.392181022426057
HGNC:3647,HGNC,3.0231995803308367,1.3920775015633329
HGNC:15512,HGNC,3.022906533163324,1.3920046595790219
MONDO:0004948,MONDO,3.0228348319877263,1.3919868361933707
MP:0008428,MP,3.0226377388326835,1.3919378413945327
HGNC:11367,HGNC,3.0224387207941548,1.3918883656587662
HGNC:1908,HGNC,3.0214413401891096,1.3916403807055857
HGNC:30300,HGNC,3.021256431142116,1.3915943988591248
HP:0002089,HP,3.021245114182394,1.3915915845706455
GO:0006812,GO,3.021045233818896,1.3915418772472612
EMAPA:17546,EMAPA,3.020446916168981,1.3913930696280135
HGNC:3386,HGNC,3.019057681805764,1.3910474676421911
HGNC:6714,HGNC,3.018705762520691,1.3909599011723053
HGNC:12679,HGNC,3.0186607850479805,1.3909487090803572
FYPO:0002701,FYPO,3.018101019124832,1.3908094077205078
HGNC:5358,HGNC,3.0178599629368477,1.390749413355529
HGNC:30796,HGNC,3.0176991821952877,1.3907093960428123
HGNC:9067,HGNC,3.0172503414705196,1.3905976739407848
HGNC:554,HGNC,3.017147916242807,1.3905721772640125
HP:0001433,HP,3.0169262081055153,1.3905169853068768
HGNC:9642,HGNC,3.0164700599281287,1.3904034223348392
HP:0000276,HP,3.0164543565796995,1.3903995125884965
HGNC:20465,HGNC,3.016168653223718,1.39032837683228
NCBIGENE:101907165,NCBIGENE,3.015491404780729,1.3901597321337487
HGNC:6318,HGNC,3.0154652827185338,1.390153226791182
ZFIN:ZDB-GENE-060503-630,ZFIN,3.0151479263425203,1.3900741901428173
HGNC:16652,HGNC,3.014728981221128,1.3899698435565384
HGNC:4313,HGNC,3.0145266596134257,1.3899194474508978
HP:0011003,HP,3.0135742789116375,1.3896821856841242
MP:0008734,MP,3.013116512877214,1.3895681247225662
HGNC:14633,HGNC,3.013097730107719,1.3895634443666907
HGNC:17500,HGNC,3.012137333180172,1.3893241001170686
HGNC:21608,HGNC,3.0121278579546087,1.3893217384738932
ZFIN:ZDB-GENE-990415-8,ZFIN,3.011815503959417,1.3892438829903084
HGNC:16687,HGNC,3.0115713747107336,1.389183028577465
FBBT:00005634,FBBT,3.0113503856360846,1.3891279391521143
HGNC:16877,HGNC,3.010852489917339,1.389003809726043
MP:0002896,MP,3.010788941518814,1.3889879654879107
HGNC:9592,HGNC,3.0100326918593474,1.388799393868624
HGNC:24999,HGNC,3.0093729252648833,1.3886348513507738
HGNC:4331,HGNC,3.009189032097555,1.388588984481293
ZFIN:ZDB-GENE-081027-5,ZFIN,3.0085809774526373,1.3884373077319327
EMAPA:17769,EMAPA,3.008495130198904,1.3884158916314533
HGNC:18479,HGNC,3.0084325742627835,1.3884002856690627
HGNC:9090,HGNC,3.008251532753732,1.38835511948647
HGNC:7371,HGNC,3.0081182644181372,1.3883218704375917
HGNC:163,HGNC,3.007062284720452,1.3880583755113525
HGNC:28873,HGNC,3.00622105946293,1.3878484178137445
EMAPA:17560,EMAPA,3.0060958142898504,1.3878171546535216
HGNC:8823,HGNC,3.0055770093521885,1.3876876423906503
FYPO:0007553,FYPO,3.005478118246129,1.3876629537311693
HGNC:15456,HGNC,3.0043812494165625,1.387389074057114
HGNC:56,HGNC,3.004283014902255,1.3873645419975669
HGNC:2673,HGNC,3.003902651012296,1.387269548223418
HGNC:11639,HGNC,3.003859300147037,1.3872587210121388
GO:0032934,GO,3.0033268919213696,1.3871257384103406
HGNC:20092,HGNC,3.0031795689578873,1.387088937599845
HGNC:1158,HGNC,3.0024885727033013,1.3869163108448823
GO:0008203,GO,3.0023030979937446,1.386869969923789
HGNC:29401,HGNC,3.002005197811586,1.386795534964193
HGNC:13870,HGNC,3.00192558514695,1.386775641572609
MONDO:0004681,MONDO,3.0018137590899134,1.3867476981196216
HGNC:4398,HGNC,3.0011083645702676,1.386571413879797
HGNC:11241,HGNC,3.0010307594710155,1.3865520177913133
HGNC:16421,HGNC,3.000974734402695,1.3865380150345383
HGNC:13780,HGNC,3.000843574507466,1.3865052325118223
HGNC:23656,HGNC,2.99926036652851,1.3861094356543582
HGNC:7637,HGNC,2.999005869637006,1.3860457976397997
HGNC:7694,HGNC,2.9988420504323585,1.3860048318184168
HGNC:7827,HGNC,2.9973805438656576,1.3856392825691957
HGNC:9888,HGNC,2.997356042077532,1.3856331530894155
MP:0002965,MP,2.996984646676629,1.3855402385100575
MP:0003019,MP,2.99694054812171,1.3855292054933992
HGNC:12585,HGNC,2.9964532698308934,1.3854072852421222
GO:0006614,GO,2.995562866772183,1.3851844621028353
MP:0005566,MP,2.99495077870118,1.3850312584167253
HGNC:26032,HGNC,2.994450621177481,1.3849060531605817
HGNC:8004,HGNC,2.99410962250612,1.384820681413692
ZFA:0000143,ZFA,2.994006677783184,1.3847949069459524
HGNC:6009,HGNC,2.993622715282939,1.3846987676581497
HGNC:12559,HGNC,2.9933596689649735,1.3846328988968564
HGNC:20039,HGNC,2.9925767229333005,1.3844368176871498
HGNC:9813,HGNC,2.992385951511918,1.3843890350163481
HGNC:1497,HGNC,2.9922200833578207,1.3843474880312128
HGNC:10901,HGNC,2.9917872190120467,1.3842390551779338
HGNC:9966,HGNC,2.9917026318898503,1.384217864665068
HGNC:5995,HGNC,2.9913857658681056,1.3841384803450847
HGNC:16391,HGNC,2.9903891311636577,1.3838887527537946
MP:0011939,MP,2.990236610410913,1.3838505299984112
HGNC:16846,HGNC,2.9901875274868055,1.383838229167463
GO:0006777,GO,2.9886644745844086,1.3834564567218781
HGNC:2431,HGNC,2.9886470047110536,1.383452076831886
MP:0002123,MP,2.9874554495112906,1.3831532955121963
HGNC:29676,HGNC,2.986831864533179,1.3829968965877972
HGNC:6897,HGNC,2.9856549777661106,1.3827016595309298
HGNC:24590,HGNC,2.9854837696825176,1.3826587025359398
HGNC:3049,HGNC,2.985331367120904,1.3826204623913583
HGNC:11363,HGNC,2.984303799586392,1.3823625917313564
HGNC:12558,HGNC,2.9837199107603385,1.3822160337269318
HGNC:17956,HGNC,2.9815217053849294,1.3816640842601988
HGNC:17587,HGNC,2.9803929438446493,1.3813805440321076
GO:0042274,GO,2.979941079890808,1.3812670151392297
HGNC:12682,HGNC,2.979882727104682,1.3812523533106411
FBBT:00014203,FBBT,2.9797433379917795,1.3812173292751457
HGNC:7411,HGNC,2.9796247596826317,1.3811875333647916
HGNC:17103,HGNC,2.9790522059305973,1.3810436517232836
HGNC:2408,HGNC,2.9789571316399885,1.3810197577350811
HGNC:16715,HGNC,2.9789512120605903,1.3810182700126439
HGNC:9548,HGNC,2.9778445005975067,1.380740089822983
UBERON:0006919,UBERON,2.977451025278873,1.3806411682134276
HGNC:21082,HGNC,2.977376346370617,1.3806223924676397
HGNC:11957,HGNC,2.9770051737049528,1.3805290671311576
HGNC:117,HGNC,2.9769825378299073,1.3805233754263508
HGNC:6143,HGNC,2.9769193606134907,1.3805074895838487
HGNC:11110,HGNC,2.9764117824917995,1.380379850456734
HGNC:564,HGNC,2.975772296389065,1.380219017634513
HGNC:2651,HGNC,2.9757172559902223,1.3802051735871856
MP:0000706,MP,2.9756756955841066,1.3801947199707265
HGNC:4760,HGNC,2.9748674363663077,1.3799913982083842
REACTOME:R-SCE-917937,REACTOME,2.9746687157918403,1.3799414026940031
HGNC:11999,HGNC,2.974624243879171,1.37993021379635
HGNC:8529,HGNC,2.974142803421295,1.379809077913112
MP:0003084,MP,2.9741334535278066,1.3798067252285333
GO:0033617,GO,2.973548251871037,1.3796594617422693
EMAPA:18986,EMAPA,2.973405963802685,1.3796236522825678
HGNC:2180,HGNC,2.9733170293495204,1.3796012696090445
HGNC:566,HGNC,2.9727858939478065,1.379467585107942
HGNC:22953,HGNC,2.972523932475778,1.3794016439482273
HGNC:11599,HGNC,2.9719927604580825,1.3792679235372778
HGNC:8869,HGNC,2.970824614897738,1.3789737846911825
HGNC:29330,HGNC,2.9705679875624984,1.3789091543805618
HGNC:6526,HGNC,2.970562165241943,1.378907688009795
HGNC:9377,HGNC,2.9700554346680264,1.3787800579940617
HGNC:9604,HGNC,2.96969476660773,1.3786892067578385
HGNC:291,HGNC,2.969081688343747,1.378534755182415
GO:0090090,GO,2.9670636400051005,1.378026183754184
HGNC:19181,HGNC,2.9670375237273867,1.3780196004557927
FBBT:00005628,FBBT,2.966954195031699,1.3779985949648257
GO:0001764,GO,2.9668921781657427,1.3779829614718033
HGNC:5993,HGNC,2.9662688523321084,1.3778258170920232
HGNC:26668,HGNC,2.9656169092211253,1.3776614316906068
HGNC:533,HGNC,2.9652444232719555,1.3775674984004311
HGNC:9957,HGNC,2.9649885296161256,1.3775029621737052
HGNC:1625,HGNC,2.9640550871999523,1.3772675132430154
ZFA:0000213,ZFA,2.9639617610446605,1.3772439698633576
HGNC:14509,HGNC,2.9634602889930073,1.3771174540681452
ZFA:0000118,ZFA,2.9629242311151778,1.3769821949528989
MP:0000694,MP,2.962254345084927,1.376813142350385
HGNC:592,HGNC,2.9617684000504925,1.3766904912549318
HGNC:21474,HGNC,2.961412811197365,1.3766007321433111
GO:0019843,GO,2.9608095464266033,1.3764484352890458
HGNC:253,HGNC,2.9607079155151337,1.3764227758337801
HGNC:10911,HGNC,2.959109937529393,1.3760192367531912
HGNC:12693,HGNC,2.9577615216326194,1.3756785931247657
HGNC:9039,HGNC,2.957594297507838,1.3756363400337799
HGNC:6421,HGNC,2.957101027279372,1.3755116933584846
HGNC:9071,HGNC,2.956776445271938,1.3754296647931594
HGNC:4571,HGNC,2.956423232501599,1.3753403929979422
HGNC:3287,HGNC,2.9563175852694283,1.3753136899289022
EMAPA:17161,EMAPA,2.9560674850340636,1.3752504725214514
HGNC:14035,HGNC,2.955386564774464,1.3750783372206599
HGNC:5964,HGNC,2.955372482382246,1.3750747769068812
HGNC:17321,HGNC,2.955057009732211,1.374995015713
MONDO:0100039,MONDO,2.955000000000002,1.3749806012196177
MONDO:0100438,MONDO,2.9550000000000014,1.3749806012196175
ZFIN:ZDB-GENE-070117-2442,ZFIN,2.9549999999999987,1.3749806012196168
GO:0008652,GO,2.954974849211997,1.374974241960964
HP:0002170,HP,2.954396431842647,1.3748279806843524
FB:FBgn0039589,FB,2.954044963385903,1.374739096303876
MP:0009674,MP,2.9535309416674873,1.374609088896976
HP:0000790,HP,2.9531865562262323,1.3745219767821029
EMAPA:32866,EMAPA,2.9530597700165933,1.3744899043663399
GO:0016279,GO,2.953041452380897,1.3744852705689268
HGNC:29629,HGNC,2.9519317373515572,1.3742045067990836
HGNC:1959,HGNC,2.951378851730299,1.374064594387461
HGNC:3579,HGNC,2.951291951244798,1.3740426016997556
HGNC:6053,HGNC,2.951263125658533,1.374035306442466
HP:0002514,HP,2.9508889583423485,1.3739406063373587
GO:0043524,GO,2.950719062864186,1.3738976035769757
HGNC:14559,HGNC,2.9502535061116055,1.3737797556160936
HGNC:18193,HGNC,2.949164127723118,1.373503943285137
HGNC:12033,HGNC,2.949085861207772,1.3734841245872083
HP:0000821,HP,2.9487044109065965,1.3733875278713348
HGNC:24636,HGNC,2.948497107457862,1.3733350273878913
HGNC:17860,HGNC,2.948309607510398,1.3732875398516589
HGNC:4335,HGNC,2.947343568976698,1.3730428384908144
HGNC:2728,HGNC,2.94696755330252,1.3729475760496368
HGNC:2735,HGNC,2.946952516315737,1.3729437662855017
HGNC:12674,HGNC,2.9463981128240375,1.372803292735381
MP:0005168,MP,2.9461145699689393,1.3727314416363419
HGNC:9719,HGNC,2.945386760742306,1.3725469877033838
HP:0010864,HP,2.944854510615137,1.3724120741792794
HGNC:4138,HGNC,2.944573623125703,1.3723408681337228
HGNC:29006,HGNC,2.9443575699701943,1.3722860943880089
GO:0050909,GO,2.9443244959551964,1.3722777092066258
HGNC:17255,HGNC,2.944060343548569,1.3722107367117233
HGNC:8590,HGNC,2.9434886016587245,1.3720657634393374
HGNC:12810,HGNC,2.943304302083055,1.3720190271859698
HGNC:4572,HGNC,2.9430008081880565,1.3719420598632746
HGNC:18145,HGNC,2.9428360284778794,1.3719002685572623
HGNC:12417,HGNC,2.942477174630536,1.3718092502708994
HGNC:29179,HGNC,2.9421411298027915,1.3717240096631813
HGNC:705,HGNC,2.9419505010419527,1.3716756518383864
HGNC:11949,HGNC,2.9414318156814288,1.3715440622895267
HGNC:10783,HGNC,2.9411016689780083,1.371460295641594
HGNC:3750,HGNC,2.9407969254334896,1.371382968195416
HGNC:17348,HGNC,2.9406020199915237,1.3713335085897405
HGNC:11311,HGNC,2.940545756968746,1.3713192307143927
REACTOME:R-SCE-3371497,REACTOME,2.9399764769383903,1.3711747529718146
HGNC:23826,HGNC,2.939941373773532,1.371165843446227
FBBT:00004878,FBBT,2.93972947977291,1.3711120609965255
GO:0070374,GO,2.9389434953329903,1.370912538958992
HGNC:493,HGNC,2.9387180624124656,1.3708553054972765
HGNC:14933,HGNC,2.9386580633723303,1.3708400722421472
HGNC:20738,HGNC,2.938429927417949,1.3707821483101785
FYPO:0000311,FYPO,2.938233234737595,1.3707322051613233
HGNC:6876,HGNC,2.938178726356551,1.3707183642445928
HGNC:379,HGNC,2.937905191622458,1.3706489046661903
HGNC:3582,HGNC,2.937778152730256,1.3706166436199652
HGNC:14957,HGNC,2.937668564363628,1.3705888132325417
HGNC:3538,HGNC,2.937477639337546,1.3705403252372255
NCBIGENE:2876686,NCBIGENE,2.9365339343561825,1.370300624043736
WB:WBGene00022754,WB,2.936055404321632,1.3701790553921644
HGNC:23529,HGNC,2.9360297660080215,1.3701725416634494
HGNC:4605,HGNC,2.935627328096496,1.370070291804985
HGNC:19256,HGNC,2.9354026315060815,1.370013197221016
HGNC:6160,HGNC,2.935353781047892,1.370000784066389
HGNC:19190,HGNC,2.93500258389931,1.369911538514465
HGNC:4555,HGNC,2.9349592676198824,1.3699005305120766
HGNC:7604,HGNC,2.9341460978838003,1.3696938565126304
GO:0030334,GO,2.9337743667460088,1.3695993636565473
HGNC:9083,HGNC,2.932773898617552,1.3693450035229533
HGNC:4778,HGNC,2.9323784727258584,1.3692444521608544
MP:0003313,MP,2.9323249174881982,1.3692308330235512
ZFIN:ZDB-GENE-050119-2,ZFIN,2.931994392585514,1.369146776186628
HGNC:5986,HGNC,2.931967838098324,1.369140022724083
HGNC:4440,HGNC,2.9319434479900446,1.3691338196764158
HGNC:29030,HGNC,2.931775368663694,1.3690910716254503
HGNC:9889,HGNC,2.9315357662203656,1.3690301297552145
HGNC:31326,HGNC,2.9312062781024983,1.3689463197774225
HP:0002751,HP,2.9311335089909045,1.3689278089743877
GO:0050877,GO,2.9310722040661785,1.368912214133203
HP:0001878,HP,2.9290391087540932,1.3683948943964939
REACTOME:R-DDI-156827,REACTOME,2.928821807189261,1.3683395863254522
MGI:96399,MGI,2.928508855386594,1.3682599277705887
HGNC:19102,HGNC,2.9284743051543445,1.368251132987262
HGNC:7166,HGNC,2.928379981203673,1.3682271223725202
WB:WBGene00001166,WB,2.9277272253053273,1.368060944421357
HGNC:29540,HGNC,2.927674683793413,1.3680475672542756
HGNC:9857,HGNC,2.927513739403353,1.368006589398262
REACTOME:R-SCE-9018519,REACTOME,2.927292658746914,1.3679502975827058
HGNC:3419,HGNC,2.9270045965196405,1.3678769460865654
HGNC:12511,HGNC,2.9264318229243034,1.3677310803621203
HGNC:3676,HGNC,2.9263243868864515,1.367703717730456
FBBT:00015247,FBBT,2.9262202179921366,1.367677186484965
HGNC:5045,HGNC,2.925343625513199,1.3674538953037298
HGNC:30467,HGNC,2.925319219714352,1.367447677790807
HGNC:12474,HGNC,2.924654507046022,1.367278323677518
HGNC:4433,HGNC,2.924504149543791,1.3672400119274748
HGNC:7756,HGNC,2.923941074176612,1.3670965248158
MONDO:0013209,MONDO,2.923878870490729,1.367080672340508
HP:0025461,HP,2.923315177796103,1.3669370050137855
HGNC:12476,HGNC,2.9224579410601033,1.3667184830844805
HGNC:4044,HGNC,2.922354246659004,1.3666920466578014
HGNC:4124,HGNC,2.9214596571785503,1.3664639460181638
MONDO:0005068,MONDO,2.9214055751042154,1.3664501546108823
HGNC:17273,HGNC,2.9202227315680624,1.366148471465784
HGNC:15936,HGNC,2.9201091973791287,1.3661195098886543
GO:0034976,GO,2.9194951819006767,1.36596286538212
FBBT:00005526,FBBT,2.9194346485475373,1.3659474210920322
HGNC:24666,HGNC,2.917863895240645,1.3655465805934477
HGNC:23244,HGNC,2.917656279794362,1.365493587188621
HGNC:29636,HGNC,2.9174321358792854,1.3654363717742577
HGNC:9701,HGNC,2.917270827308997,1.3653951938071875
HP:0001423,HP,2.917240483927294,1.3653874477256522
HGNC:1539,HGNC,2.9168269155743247,1.3652818656997994
HGNC:17277,HGNC,2.9164415866816835,1.3651834830405454
HGNC:29038,HGNC,2.9160770268704987,1.3650903942578854
EMAPA:18682,EMAPA,2.915904953913281,1.3650464531564714
HGNC:14402,HGNC,2.915746820172743,1.365006069915459
HGNC:23170,HGNC,2.914508524905886,1.3646897851399034
HGNC:7745,HGNC,2.914305651355,1.364637957737601
GO:0009792,GO,2.9140709515316936,1.3645779964364828
REACTOME:R-SCE-9013148,REACTOME,2.913646018826024,1.3644694251358862
HGNC:2211,HGNC,2.913418441395797,1.3644112737225567
HGNC:16031,HGNC,2.912207728091773,1.364101850990762
MONDO:0004849,MONDO,2.911995911833575,1.3640477071397077
HGNC:2911,HGNC,2.911850642001352,1.3640105719962101
MP:0005289,MP,2.911529072379722,1.3639283646552522
HGNC:24500,HGNC,2.910762463172837,1.363732358355601
HGNC:21050,HGNC,2.910718330091611,1.3637210732594935
HGNC:15814,HGNC,2.9100042047592405,1.3635384493826912
HGNC:652,HGNC,2.909830111562379,1.3634939233250158
HGNC:13727,HGNC,2.90972132888313,1.3634661000719597
HGNC:11386,HGNC,2.9095644489827417,1.3634259736704275
HGNC:19678,HGNC,2.9090793122244936,1.3633018762505456
HP:0000095,HP,2.9089138810951276,1.3632595556382605
HGNC:4332,HGNC,2.9078763450843708,1.3629940921969173
REACTOME:R-DDI-9840310,REACTOME,2.9078597913463144,1.362989856194635
HGNC:25758,HGNC,2.9076462224194524,1.362935203578019
UBERON:0008948,UBERON,2.9075246202974725,1.3629040840735482
HGNC:360,HGNC,2.907484466545272,1.3628938080132762
HGNC:10524,HGNC,2.9074763001600936,1.3628917180769549
HGNC:6899,HGNC,2.9069096431973307,1.3627466889043842
HGNC:659,HGNC,2.906811610150409,1.3627215963668473
HGNC:1724,HGNC,2.906683758829958,1.3626888705983085
HGNC:7128,HGNC,2.9066099895686515,1.3626699875859236
NCBIGENE:2875901,NCBIGENE,2.9066075578919945,1.362669365133869
HGNC:6708,HGNC,2.904250729420066,1.3620658902129932
MONDO:0008310,MONDO,2.9040405724194365,1.3620120610223145
HGNC:11741,HGNC,2.9036048311532148,1.361900441899224
UBERON:0000941,UBERON,2.9031391082777422,1.3617811289360635
HGNC:7597,HGNC,2.9029204207089183,1.3617250987282308
ZFIN:ZDB-GENE-050712-5,ZFIN,2.902873850878379,1.361713166609879
MP:0001828,MP,2.9026903626272524,1.3616661518788122
EMAPA:29098,EMAPA,2.9026263223375675,1.3616497424767928
HGNC:12011,HGNC,2.9024977862808545,1.3616168061506215
HGNC:330,HGNC,2.902237339607711,1.3615500654684487
HGNC:3618,HGNC,2.9014750415752273,1.3613546974185584
GO:0043327,GO,2.9011937199270497,1.3612825883346287
HGNC:18785,HGNC,2.9005531868896575,1.361118385869083
HGNC:20862,HGNC,2.9005202375477204,1.361109938482385
HGNC:25156,HGNC,2.899970496174154,1.360968988023435
HGNC:5007,HGNC,2.8985597930636366,1.3606072011036994
HGNC:598,HGNC,2.89745409593991,1.3603235440587318
HGNC:11444,HGNC,2.8972652420120615,1.3602750871689588
HGNC:794,HGNC,2.8966763669281277,1.3601239761869677
HGNC:1542,HGNC,2.896542823023248,1.3600897043663918
EMAPA:29138,EMAPA,2.8963900068701616,1.3600504852029673
HGNC:15514,HGNC,2.8957182254316054,1.3598780590969142
FBBT:00015255,FBBT,2.895679951612005,1.359868234462431
NCBIGENE:2876075,NCBIGENE,2.8951090379384756,1.3597216732668147
ZFA:0000505,ZFA,2.895104387911159,1.3597204794542548
ZFIN:ZDB-GENE-060503-475,ZFIN,2.894986333141252,1.359690170495311
HGNC:22970,HGNC,2.89476375278957,1.3596330235138836
HGNC:12625,HGNC,2.8945065020471143,1.3595669709225282
REACTOME:R-SCE-975957,REACTOME,2.893516121167084,1.3593126365598065
NCBIGENE:2876834,NCBIGENE,2.893000144143876,1.359180105654744
ZFA:0000028,ZFA,2.892524211814604,1.3590578448260302
HGNC:2536,HGNC,2.8920148872925107,1.3589269894172935
ZFIN:ZDB-GENE-000607-49,ZFIN,2.8910213656054595,1.3586716850193274
HGNC:5991,HGNC,2.890880261603484,1.358635420360957
HGNC:10789,HGNC,2.8905025956829813,1.3585383512595581
WBBT:0005799,WBBT,2.89048153755937,1.358532938544855
HGNC:5226,HGNC,2.8903524231532556,1.3584997507383092
ZFIN:ZDB-GENE-020108-2,ZFIN,2.8901184805397535,1.3584396148888296
HP:0012090,HP,2.8897051340996263,1.358333353754647
HGNC:16974,HGNC,2.8896322204162503,1.3583146082805648
GO:0008188,GO,2.8892676217590063,1.3582208678635628
HGNC:25651,HGNC,2.889211581914931,1.35820645891739
UBERON:0001871,UBERON,2.889117008099562,1.3581821416584108
HGNC:15476,HGNC,2.888840438005532,1.3581110252770052
HGNC:7939,HGNC,2.88858630542639,1.3580456739499878
HGNC:10706,HGNC,2.887988854061226,1.3578920198402837
HGNC:1664,HGNC,2.8879784549383984,1.3578893451575298
HGNC:32,HGNC,2.887915412500192,1.357873130317337
HGNC:17350,HGNC,2.8875346268146447,1.3577751846848847
HGNC:30747,HGNC,2.8868304704268306,1.3575940364159438
HGNC:29098,HGNC,2.8864367205381773,1.3574927276922588
HGNC:4556,HGNC,2.8862685525990037,1.3574494562871842
HGNC:6945,HGNC,2.885888413378976,1.357351635509247
HGNC:28337,HGNC,2.8857903848066804,1.3573264083801166
HGNC:13726,HGNC,2.885570691953435,1.3572698692871228
HGNC:1777,HGNC,2.885462503403835,1.3572420252290966
HGNC:25459,HGNC,2.8853643375290057,1.3572167599962344
HGNC:6696,HGNC,2.8853539042487015,1.35721407471542
HGNC:2950,HGNC,2.885043780549425,1.357134252880806
HGNC:6115,HGNC,2.8847096241229315,1.3570482382007263
HGNC:2194,HGNC,2.8844633221783416,1.356984833267827
GO:0042060,GO,2.8842267042319536,1.3569239174774794
HGNC:12017,HGNC,2.884128913037365,1.3568987406705948
HGNC:6631,HGNC,2.8840137944355977,1.3568691020282293
HGNC:16090,HGNC,2.883779399467717,1.3568087515626335
REACTOME:R-SPO-549127,REACTOME,2.8837262496194263,1.3567950663847417
HGNC:24949,HGNC,2.883600050482949,1.356762571512861
MP:0002411,MP,2.8833186521288012,1.3566901107687628
GO:0004190,GO,2.8827108125001955,1.3565335726993117
MONDO:0005252,MONDO,2.8818617328615814,1.3563148666116196
XENBASE:XB-GENE-29098251,XENBASE,2.8809442854454157,1.3560784965623685
XENBASE:XB-GENE-29078451,XENBASE,2.8809442854454157,1.3560784965623685
HGNC:12657,HGNC,2.88083133807821,1.3560493930755655
MP:0003675,MP,2.8802878906549,1.3559093495049974
HGNC:24250,HGNC,2.879644752432806,1.3557435907920943
HGNC:26033,HGNC,2.8791272072564715,1.355610181747521
HGNC:13247,HGNC,2.878555103835162,1.35546268835983
MP:0010299,MP,2.878166430458736,1.3553624724696416
HGNC:9199,HGNC,2.8779319040943374,1.3553019971238287
HGNC:3149,HGNC,2.8768881247010176,1.355032802121044
HGNC:18788,HGNC,2.876732992091648,1.3549927865961549
HGNC:11303,HGNC,2.876301505939516,1.354881478913289
HGNC:20773,HGNC,2.876296188171974,1.3548801070460126
HGNC:957,HGNC,2.875846183102835,1.3547640087990784
HGNC:20581,HGNC,2.875396023754985,1.3546478572619847
HGNC:11753,HGNC,2.87522664691485,1.3546041506212776
HGNC:8127,HGNC,2.874778106422875,1.3544883983071174
HP:0008404,HP,2.8746550726239253,1.3544566453269657
HGNC:26465,HGNC,2.8734678695137883,1.3541501961060916
HGNC:840,HGNC,2.873336198751645,1.3541162025363573
GO:0060079,GO,2.872833918913723,1.3539865178454722
REACTOME:R-DDI-1236978,REACTOME,2.8724427363415828,1.3538855059410861
HGNC:21163,HGNC,2.872274384013211,1.3538420305433971
UBERON:0001626,UBERON,2.872218337581442,1.3538275566627223
FBBT:00005510,FBBT,2.871889572901608,1.353742649612399
MGI:105304,MGI,2.87151217077598,1.3536451725245713
HGNC:4834,HGNC,2.870760463851028,1.3534509900247322
HGNC:3818,HGNC,2.8706096904514276,1.353412037385441
HGNC:16094,HGNC,2.8702267830084667,1.353313105585348
HGNC:29168,HGNC,2.870029052369864,1.353262014085829
MONDO:0019402,MONDO,2.869729989231873,1.3531847343833128
HGNC:19167,HGNC,2.8681969773613027,1.352788501155151
HGNC:18607,HGNC,2.8669927790219267,1.3524771452900644
HP:0000248,HP,2.866724085635509,1.3524076590672744
HGNC:1440,HGNC,2.8663013503058754,1.3522983266116768
HGNC:16767,HGNC,2.866241449991901,1.3522828335674035
HGNC:16286,HGNC,2.8662046853555467,1.3522733243808638
HGNC:12841,HGNC,2.865425505956707,1.3520717680771612
HGNC:8978,HGNC,2.8653370911629215,1.3520488945785436
MP:0001524,MP,2.864956231175941,1.3519503575705913
HGNC:53,HGNC,2.8637640032530687,1.3516418387224078
HP:0000160,HP,2.8635794350296173,1.3515940685605248
HGNC:20604,HGNC,2.863569443903557,1.3515914825805684
HGNC:12761,HGNC,2.8635030316765744,1.3515742930881198
HGNC:7611,HGNC,2.8613210831897,1.3510093744537388
HGNC:24124,HGNC,2.8611837395192197,1.350973804732865
GO:0031490,GO,2.860011969666131,1.3506702844217064
HGNC:6824,HGNC,2.860008257944884,1.3506693228384106
HGNC:414,HGNC,2.8597347366228685,1.3505984600331793
HGNC:10701,HGNC,2.8595509198286093,1.350550834695169
HGNC:11345,HGNC,2.8594440989755885,1.3505231572960341
HGNC:3437,HGNC,2.8594072055726953,1.3505135979972633
HGNC:14410,HGNC,2.85917064458505,1.3504523014754657
HGNC:11448,HGNC,2.859053315474079,1.3504218983382705
MP:0000280,MP,2.858651431533273,1.3503177523636982
UBERON:0002217,UBERON,2.8574644583741406,1.3500100915702549
HGNC:7984,HGNC,2.857458447579413,1.350008533344774
HGNC:7027,HGNC,2.857064792226822,1.349906477691898
HGNC:9944,HGNC,2.85633652340635,1.3497176456078834
HGNC:17075,HGNC,2.8561885752906018,1.3496792799328616
HGNC:19088,HGNC,2.855838874401517,1.3495885901909992
GO:0006094,GO,2.8555487533677466,1.3495133453588337
HGNC:29419,HGNC,2.854665344823394,1.349284192565677
MP:0005201,MP,2.854436449565012,1.3492248094456836
MP:0005169,MP,2.854379544850465,1.3492100459036327
HGNC:23595,HGNC,2.8542783135978795,1.3491837816032966
HGNC:9247,HGNC,2.8526233206698044,1.3487542982565373
HGNC:1769,HGNC,2.8517313732281706,1.3485227545436484
FYPO:0005261,FYPO,2.8516741869010827,1.348507907518747
GO:0016197,GO,2.8516483709016343,1.3485012049565073
MP:0005307,MP,2.851461952091756,1.3484528040373724
HGNC:11556,HGNC,2.851274855148457,1.3484042246952457
HP:0012592,HP,2.8506372062823075,1.3482386427300088
HGNC:12816,HGNC,2.8501646486341308,1.3481159132642537
HGNC:8787,HGNC,2.849974657872272,1.3480665659071907
HGNC:4580,HGNC,2.849459007653373,1.3479326209335547
GO:0030020,GO,2.849345566464371,1.347903151114463
HGNC:9107,HGNC,2.8491468101161055,1.3478515159790139
HGNC:2355,HGNC,2.8490210135720253,1.3478188337754111
HGNC:9870,HGNC,2.848324561977732,1.3476378748748763
GO:0046961,GO,2.847214077799306,1.347349270207129
HGNC:13731,HGNC,2.846545535938443,1.3471754821253306
HGNC:12758,HGNC,2.846115731012387,1.3470637379807262
GO:0007626,GO,2.8459853655790086,1.3470298420576867
HGNC:3261,HGNC,2.8459425163240852,1.3470187007012981
HGNC:11304,HGNC,2.845798316775038,1.3469812060554973
HGNC:7056,HGNC,2.845660066895663,1.3469452571177294
HP:0000733,HP,2.84528945991195,1.3468488822858031
HGNC:28817,HGNC,2.8452520059510005,1.3468391420194992
HGNC:11772,HGNC,2.8450497544891427,1.3467865429230774
MP:0008045,MP,2.844622165341001,1.3466753316378521
HGNC:27884,HGNC,2.8445805864554723,1.3466645167622737
HGNC:15759,HGNC,2.844423704758366,1.3466237099968756
HGNC:15608,HGNC,2.8442154389761996,1.3465695350568574
HGNC:28484,HGNC,2.8442150306315743,1.3465694288337142
HGNC:19988,HGNC,2.8440413649247076,1.3465242519566796
HGNC:9226,HGNC,2.8440392637838148,1.3465237053596824
NCBIGENE:2875887,NCBIGENE,2.8432824973050637,1.3463268184581803
HP:0003470,HP,2.8431247696386035,1.3462857777844286
HGNC:6341,HGNC,2.842927062506004,1.346234332091123
HGNC:30832,HGNC,2.8420796259551655,1.3460137892630875
HGNC:600,HGNC,2.842013602111138,1.345996604712596
HGNC:30142,HGNC,2.841772337574287,1.3459338063632342
HGNC:20320,HGNC,2.8414885780405696,1.3458599420139787
MP:0000921,MP,2.841326241028564,1.3458176822391819
HGNC:29043,HGNC,2.8411381212283873,1.3457687084226189
HGNC:18648,HGNC,2.840556298979718,1.3456172256330274
HGNC:3601,HGNC,2.8403853450893433,1.3455727118485656
HGNC:11578,HGNC,2.839489615462961,1.3453394451261138
HGNC:24903,HGNC,2.8394392910093686,1.3453263379716642
HGNC:1185,HGNC,2.839404702428228,1.345317329172639
HGNC:17675,HGNC,2.8387998671984542,1.3451597831667883
HGNC:1709,HGNC,2.838246569471842,1.3450156397824453
ZFIN:ZDB-GENE-030616-3,ZFIN,2.8379794719561207,1.3449460489406988
HP:0002104,HP,2.8377583284696715,1.344888427512698
HGNC:11969,HGNC,2.8375800522112606,1.3448419732068158
GO:0050808,GO,2.8363060901316213,1.3445099479284335
HGNC:1394,HGNC,2.8362874886284453,1.3445050991108896
MP:0002086,MP,2.834951969316838,1.3441569104427034
HGNC:27089,HGNC,2.8348534395083194,1.3441312175330995
EMAPA:17596,EMAPA,2.8347197392532633,1.3440963524234113
HGNC:6324,HGNC,2.834679649436224,1.3440858979366885
HGNC:6176,HGNC,2.834614133737812,1.3440688127394682
HGNC:24437,HGNC,2.8343730651700643,1.3440059443158876
HGNC:31999,HGNC,2.834018754832631,1.3439135363257897
HGNC:3724,HGNC,2.833929669273408,1.343890300499386
HGNC:6767,HGNC,2.833825124832571,1.3438630319067795
MP:0000183,MP,2.832890314466005,1.3436191698830486
HGNC:9922,HGNC,2.83283733334332,1.3436053470275755
HGNC:20726,HGNC,2.832799493484247,1.3435954744338359
HGNC:18002,HGNC,2.832695121866251,1.3435682428921703
GO:0000329,GO,2.8325983814913394,1.34354300175173
HGNC:7587,HGNC,2.831978655251704,1.3433812899604558
HGNC:13481,HGNC,2.831713101270623,1.3433119881175257
REACTOME:R-GGA-5419276,REACTOME,2.831342667638827,1.343215307721805
FYPO:0009035,FYPO,2.831331349485613,1.3432123536216596
HGNC:587,HGNC,2.8311652096167235,1.343168989199207
FYPO:0001234,FYPO,2.8306016033078825,1.3430218674390126
HGNC:14487,HGNC,2.830239684634945,1.3429273820790883
HP:0001978,HP,2.830097889298952,1.3428903614296352
HGNC:1693,HGNC,2.830087985940688,1.34288777575915
HGNC:271,HGNC,2.829991434363619,1.3428625667314686
HGNC:3254,HGNC,2.828955918131964,1.3425921597968584
MONDO:0001982,MONDO,2.8274999999999992,1.3422118485497017
MONDO:0001149,MONDO,2.8274999999999992,1.3422118485497017
HGNC:7106,HGNC,2.8269054974779,1.342056512508649
UBERON:0000355,UBERON,2.826829527057252,1.3420366606532066
REACTOME:R-DDI-9037629,REACTOME,2.8266338760630427,1.3419855332135244
HGNC:11992,HGNC,2.8265992145749896,1.34197647521473
HGNC:16804,HGNC,2.826403375715073,1.3419252956005463
GO:0002040,GO,2.825757792263584,1.3417565632806567
MP:0005508,MP,2.8255052827061258,1.3416905586079444
HGNC:21555,HGNC,2.824970448987222,1.3415507414936807
GO:0006368,GO,2.8245908043676926,1.3414514823055346
HGNC:16632,HGNC,2.824437352013451,1.3414113589457757
HGNC:2701,HGNC,2.8243149026734153,1.3413793408241348
HGNC:3573,HGNC,2.8242020794740217,1.3413498388436422
HGNC:1437,HGNC,2.8239230175388825,1.3412768635897798
HGNC:29165,HGNC,2.8238300782428425,1.3412525585959127
HGNC:9551,HGNC,2.8233033226218063,1.3411147930845095
HGNC:9194,HGNC,2.8232133835431585,1.3410912688885632
HGNC:30213,HGNC,2.823129541356543,1.3410693388790298
HGNC:8768,HGNC,2.8230676072917773,1.3410531389135927
HGNC:9549,HGNC,2.8230078648443047,1.3410375119562885
HGNC:3208,HGNC,2.822484618101188,1.3409006347714372
HGNC:11152,HGNC,2.822426721062066,1.3408854882153676
FYPO:0007808,FYPO,2.8223886292217366,1.3408755228104272
NCBIGENE:2876842,NCBIGENE,2.8219633102972086,1.340764246163739
MP:0005015,MP,2.8216210006410165,1.340674678326846
HGNC:10448,HGNC,2.8213525371327393,1.3406044272636801
HGNC:20043,HGNC,2.8211769414040315,1.3405584750094608
MP:0005070,MP,2.8205809384666742,1.340402489188414
HP:0000572,HP,2.82054096623555,1.3403920267899279
HGNC:6657,HGNC,2.8205388377617275,1.3403914696765677
HGNC:1052,HGNC,2.820089497325678,1.3402738509633254
HGNC:568,HGNC,2.819575152128367,1.3401391997131231
HGNC:24817,HGNC,2.8193001218003744,1.3400671916443305
HGNC:3052,HGNC,2.819238956683671,1.3400511767713092
HGNC:2515,HGNC,2.819204682494084,1.340042202642231
UBERON:0001638,UBERON,2.8191402412914917,1.340025329562202
HGNC:43,HGNC,2.8190062005509935,1.3399902318479773
HGNC:2972,HGNC,2.8185215217016273,1.3398633114968785
MP:0005215,MP,2.818115716861686,1.3397570330846282
HGNC:1463,HGNC,2.8180758288929075,1.3397465860002302
MONDO:0002492,MONDO,2.818055595627006,1.3397412866503955
MGI:1330810,MGI,2.8172913098057717,1.3395410898988258
FYPO:0001357,FYPO,2.816722651221015,1.3393921096667456
GO:0016538,GO,2.816035741569275,1.339212119781505
HGNC:7891,HGNC,2.815984018798978,1.3391985656315102
ZFA:0001289,ZFA,2.815929252472117,1.339184213705613
UBERON:0001231,UBERON,2.8158647621421515,1.3391673132678277
HGNC:4609,HGNC,2.8157818158311185,1.339145575806537
HGNC:3255,HGNC,2.815440820041163,1.3390562072200198
GO:0005576,GO,2.8151797665411444,1.3389877846069025
HGNC:11177,HGNC,2.8144461404167553,1.3387954747517152
HGNC:11299,HGNC,2.814411991413259,1.3387865221659137
HGNC:17717,HGNC,2.8141767418906807,1.3387248464010042
GO:0043484,GO,2.8135976461535557,1.3385730076840268
GO:0051649,GO,2.8133199600292644,1.33850019029206
MP:0011874,MP,2.8129781469511133,1.3384105496633865
HGNC:9906,HGNC,2.8127368999574274,1.3383472776968148
HGNC:2719,HGNC,2.8126060983933314,1.3383129706330836
MONDO:0010619,MONDO,2.8116762098879913,1.3380690424907742
MGI:103070,MGI,2.8116533366189804,1.3380630416301604
HP:0001649,HP,2.8114870251181654,1.3380194082998136
HGNC:3611,HGNC,2.811306846681214,1.3379721347043274
HGNC:11598,HGNC,2.811038039430766,1.33790160332466
HGNC:11205,HGNC,2.8108912642260293,1.3378630894001908
HP:0000348,HP,2.8103459828438635,1.3377199941610798
EMAPA:19141,EMAPA,2.8102146586885204,1.3376855284146514
HGNC:16912,HGNC,2.8098515988836184,1.337590237955775
SGD:S000000015,SGD,2.80977165942069,1.3375692554320409
HGNC:4648,HGNC,2.8097580374430193,1.3375656798891367
HGNC:9407,HGNC,2.8094711379828254,1.3374903705753665
HGNC:3282,HGNC,2.809016593839433,1.3373710439688449
MONDO:0005372,MONDO,2.808973890864874,1.3373598328824974
HGNC:16807,HGNC,2.8087517462490874,1.3373015098011916
REACTOME:R-DDI-9748787,REACTOME,2.8083563952064345,1.3371977037278981
HGNC:16176,HGNC,2.8078780290396717,1.3370720862269796
HGNC:30587,HGNC,2.8075083089591093,1.336974988045891
HGNC:85,HGNC,2.807125575784623,1.3368744623527058
HGNC:8772,HGNC,2.8071145880375616,1.336871576248032
HGNC:4855,HGNC,2.8067925629752577,1.3367869875983127
HGNC:12311,HGNC,2.806674910125414,1.3367560810894799
HGNC:18311,HGNC,2.8055620877833305,1.3364637038683511
HGNC:2158,HGNC,2.80504589265479,1.3363280523854055
HGNC:9322,HGNC,2.8048647190412046,1.3362804372101784
HGNC:93,HGNC,2.8044681212907454,1.3361761973880704
HGNC:9630,HGNC,2.804278733910138,1.336126415897307
MP:0006254,MP,2.80423181585967,1.3361140828525773
HGNC:8906,HGNC,2.8036014417644015,1.3359483657356626
HGNC:12340,HGNC,2.803449350691067,1.3359083788662425
HGNC:11133,HGNC,2.803029348237834,1.335797946044359
HGNC:18116,HGNC,2.8026505087390343,1.3356983258904116
HGNC:14478,HGNC,2.8018816401560898,1.3354961126390215
HGNC:19440,HGNC,2.8017122980755578,1.3354515699972298
HP:0003745,HP,2.8015009304426495,1.3353959704430387
MP:0006380,MP,2.801318503797778,1.3353479812341709
HGNC:20820,HGNC,2.8009643671886995,1.3352548153745616
HGNC:2896,HGNC,2.800937854414728,1.3352478400746435
HGNC:10682,HGNC,2.8007556619955647,1.3351999053825108
HGNC:18999,HGNC,2.800726323251188,1.3351921861655387
HGNC:6473,HGNC,2.799827992871221,1.3349558006739584
HGNC:20151,HGNC,2.799330344705811,1.3348248261254585
HGNC:30688,HGNC,2.7989745316327768,1.3347311702169145
FBBT:00005512,FBBT,2.797808907142457,1.334424297049116
HGNC:13518,HGNC,2.797663326975714,1.3343859636414561
HGNC:12619,HGNC,2.7975697430110316,1.3343613208256728
HGNC:2711,HGNC,2.797528375598456,1.334350427638533
HGNC:3696,HGNC,2.797197785464685,1.334263369823157
HGNC:8596,HGNC,2.796698271297631,1.3341318130665092
MP:0006358,MP,2.7953935875554743,1.3337881176056914
HGNC:16665,HGNC,2.7950250604943965,1.3336910143816256
FBBT:00005535,FBBT,2.795020041410319,1.3336896918376853
EMAPA:25765,EMAPA,2.794960516969251,1.3336740068328001
REACTOME:R-SCE-8856828,REACTOME,2.7947310481260934,1.3336135382771916
HGNC:143,HGNC,2.7943577968902753,1.333515173046861
HGNC:1609,HGNC,2.794223523100923,1.3334797846695863
HGNC:14679,HGNC,2.794198405689904,1.3334731647395786
MONDO:0001734,MONDO,2.793880675212418,1.3333894200989957
HGNC:25529,HGNC,2.7929366673965825,1.333140565334718
MP:0005632,MP,2.792553472732241,1.3330395317409518
HGNC:4171,HGNC,2.792376756523026,1.3329929350804932
HGNC:903,HGNC,2.792137917210322,1.3329299543037243
HGNC:11240,HGNC,2.79202570425064,1.3329003629169107
HGNC:28472,HGNC,2.7919602108932224,1.3328830914298189
HGNC:19374,HGNC,2.791779316858486,1.3328353856682724
HGNC:2484,HGNC,2.7917232111562127,1.332820588890117
WBBT:0003995,WBBT,2.7916072092760005,1.3327899949758895
WBBT:0003997,WBBT,2.7916072092760005,1.3327899949758895
HP:0002188,HP,2.791600449190377,1.3327882120666172
HGNC:6091,HGNC,2.790990491367921,1.33262732831895
HGNC:11547,HGNC,2.7906783472236465,1.3325449865150292
GO:0030097,GO,2.7903946704059672,1.3324701483444557
HGNC:3086,HGNC,2.7903379230640355,1.3324551768779824
HGNC:12333,HGNC,2.790175640993616,1.3324123612906023
HGNC:30238,HGNC,2.7899536678907686,1.3323537941886794
GO:0045471,GO,2.7895422648217485,1.332245237347149
GO:0008080,GO,2.7893769514371294,1.332201612819712
GO:0070403,GO,2.7885472145240784,1.3319826249021254
HGNC:20284,HGNC,2.7879002574507226,1.3318118437867488
HP:0002948,HP,2.787739738242484,1.331769466058041
GO:0016409,GO,2.7872727993276074,1.3316461820599876
HGNC:12305,HGNC,2.7867251138533264,1.3315015595022544
HGNC:23631,HGNC,2.786693707663191,1.331493265707635
HGNC:13178,HGNC,2.785960909287501,1.3312997276644931
HGNC:6079,HGNC,2.785488735789473,1.3311750029365284
ZFIN:ZDB-GENE-050419-221,ZFIN,2.7852317170377554,1.3311071048405896
HGNC:21014,HGNC,2.785160268690105,1.331088229107923
REACTOME:R-SCE-2393930,REACTOME,2.785016315435123,1.331050197431013
HGNC:11480,HGNC,2.7846450352578542,1.3309521005253877
HGNC:1606,HGNC,2.7845709847740747,1.3309325343025225
MONDO:0011996,MONDO,2.784425228984566,1.330894020400438
NCBIGENE:2876587,NCBIGENE,2.783857055103261,1.3307438743405937
MP:0001284,MP,2.7836884349724507,1.330699310318862
HGNC:6315,HGNC,2.7836467026514833,1.3306882807238436
MONDO:0015253,MONDO,2.783512447360116,1.3306527970532298
HGNC:11033,HGNC,2.7834902626071414,1.330646933502277
HGNC:975,HGNC,2.783243895091654,1.3305818149159911
HGNC:10596,HGNC,2.7828509033818047,1.3304779326040006
HGNC:4271,HGNC,2.7827238300386887,1.3304443400885329
HP:0001923,HP,2.782498733910973,1.3303848319575085
HGNC:2567,HGNC,2.7820314064777225,1.3302612744000204
FB:FBgn0003941,FB,2.78145198195686,1.3301080580862563
MONDO:0021117,MONDO,2.7813115173060536,1.3300709117042926
HGNC:4806,HGNC,2.7808751251986927,1.329955497438955
HGNC:24305,HGNC,2.7806788928344086,1.3299035947840616
HGNC:1452,HGNC,2.7797342744206723,1.3296537093881833
GO:0003925,GO,2.7792679471387745,1.3295303260979496
HGNC:175,HGNC,2.779107868213362,1.3294879680757112
HGNC:11026,HGNC,2.7790933338644908,1.3294841220947742
EMAPA:35645,EMAPA,2.77899614513224,1.3294584042906845
HGNC:11289,HGNC,2.778709753637723,1.3293826163469644
HGNC:885,HGNC,2.7785890212029343,1.3293506651330729
EMAPA:28909,EMAPA,2.777043044002732,1.3289414400124118
HGNC:2579,HGNC,2.7767590451563566,1.328866246396493
HGNC:5022,HGNC,2.776227672571882,1.3287255411085825
HP:0001999,HP,2.7756300438959554,1.328567267820178
FBBT:00001761,FBBT,2.775090029675648,1.3284242313373085
HGNC:2859,HGNC,2.7750666109359132,1.3284180278263484
HGNC:9725,HGNC,2.7750571026928363,1.3284155091277317
HP:0000742,HP,2.774959915331131,1.3283897641892823
NCBIGENE:2873191,NCBIGENE,2.774910598246427,1.3283766998368232
HGNC:1131,HGNC,2.774393082330109,1.3282395968829548
HGNC:7609,HGNC,2.773883792838338,1.328104654961516
FYPO:0009084,FYPO,2.7736818254515923,1.328051136410765
HGNC:8806,HGNC,2.7735641932597193,1.328019964194677
HGNC:11642,HGNC,2.7733039373775816,1.3279509936289442
HGNC:6172,HGNC,2.77305957890794,1.3278862317156863
FYPO:0001407,FYPO,2.7726071392646325,1.3277663113267404
HGNC:14491,HGNC,2.7725926793500815,1.327762478448911
EMAPA:35216,EMAPA,2.772555149485375,1.3277525303695472
HGNC:9759,HGNC,2.772545177351304,1.3277498870291968
HGNC:30417,HGNC,2.772450105915088,1.3277246858375056
UBERON:0000061,UBERON,2.7719859803570825,1.327601647997889
MP:0004804,MP,2.771169284959856,1.3273851085335158
HGNC:30291,HGNC,2.771166981007133,1.3273844975947715
HGNC:3535,HGNC,2.7702732990286245,1.3271474919434618
HGNC:206,HGNC,2.7700986278580806,1.3271011623532853
HGNC:6152,HGNC,2.769805179034657,1.3270233234760034
HGNC:4318,HGNC,2.769625507283741,1.3269756615878778
HGNC:18017,HGNC,2.7695430190795114,1.3269537790145027
GO:0007281,GO,2.7688383063370057,1.3267668124193843
MP:0008735,MP,2.768613466764615,1.3267071531129702
HGNC:12801,HGNC,2.7675911419532255,1.3264358428525034
HGNC:8734,HGNC,2.766588275437244,1.326169625002796
HGNC:23721,HGNC,2.7663338471636743,1.3261020739861982
HGNC:638,HGNC,2.7662364514896907,1.326076214108327
DICTYBASE:DDB_G0277449,DICTYBASE,2.765909442828093,1.3259893839628702
GO:0048666,GO,2.7657437436888324,1.3259453832275245
HGNC:9688,HGNC,2.7654775794593554,1.3258747003413984
HGNC:20612,HGNC,2.764553612255405,1.3256292917408061
HGNC:30073,HGNC,2.763976296350349,1.3254759242405914
HGNC:17101,HGNC,2.7639096708407465,1.3254582232525862
HGNC:12362,HGNC,2.763689001404856,1.325399593815614
HGNC:9756,HGNC,2.76362917113944,1.3253836969811648
GO:0071260,GO,2.763226430650273,1.325276682708311
HGNC:18305,HGNC,2.7624377085097147,1.3250670740601274
HP:0001653,HP,2.7620786756116895,1.3249716439009067
HGNC:4808,HGNC,2.7619877074357566,1.3249474633125635
HGNC:2254,HGNC,2.7618065410217185,1.3248993050540865
SGD:S000002696,SGD,2.7616700887269565,1.3248630313201488
HGNC:19711,HGNC,2.761407916115137,1.3247933330897816
HGNC:344,HGNC,2.7612894624941338,1.3247618407632793
HGNC:14027,HGNC,2.761030863592328,1.3246930856742383
HGNC:1161,HGNC,2.760456578668318,1.3245403805266103
REACTOME:R-SCE-9764725,REACTOME,2.7599978193301737,1.3244183774362557
GO:0006694,GO,2.759944464735221,1.3244041872754968
HGNC:243,HGNC,2.7598876175821547,1.3243890680142036
MP:0002625,MP,2.758441204142102,1.3240042980760443
GO:0032991,GO,2.7578221110665,1.3238395638055593
HGNC:9896,HGNC,2.7577255145761317,1.3238138580299632
HP:0001876,HP,2.7576909977186914,1.3238046724159964
HGNC:9556,HGNC,2.7569702510840077,1.3236128482969762
EMAPA:16204,EMAPA,2.756950712675923,1.323607647707782
HGNC:7436,HGNC,2.756632421207509,1.3235229234256565
HGNC:815,HGNC,2.7566263563872653,1.3235213089943096
HGNC:28880,HGNC,2.7563509564506243,1.3234479958654937
GO:0016298,GO,2.756171659920934,1.3234002631560216
HGNC:10258,HGNC,2.756171199025582,1.3234001404525293
MP:0003694,MP,2.756104285646911,1.323382326042286
HGNC:2520,HGNC,2.7560812331624747,1.3233761886846878
HGNC:51,HGNC,2.755936265933817,1.323337592600828
ZFIN:ZDB-GENE-041008-175,ZFIN,2.7557595322253623,1.3232905369922847
HGNC:12621,HGNC,2.7557000374244853,1.3232746959163055
MP:0001547,MP,2.755533933253707,1.3232304677185278
HGNC:2979,HGNC,2.7554578148981776,1.323210199195253
HGNC:14449,HGNC,2.7550954062840725,1.323113692692013
HGNC:14060,HGNC,2.754783967246751,1.3230307515362343
HGNC:17468,HGNC,2.7547173339872795,1.3230130051488778
ZFA:0000040,ZFA,2.7536207133428343,1.3227208977223528
HGNC:4428,HGNC,2.753609087802901,1.322717800563949
FBBT:00001059,FBBT,2.753541901595762,1.3226999013083631
HGNC:12587,HGNC,2.7533749379678314,1.322655418698118
HGNC:20818,HGNC,2.7533501883064257,1.3226488247011383
HGNC:19027,HGNC,2.7519040133713766,1.3222634480265882
NCBIGENE:2876084,NCBIGENE,2.7518033764818113,1.3222366247819326
HP:0000400,HP,2.7517942868590617,1.3222342020446918
GO:0090263,GO,2.751605076576435,1.3221837688280915
NCBIGENE:2876248,NCBIGENE,2.7509375105063527,1.3220058115385207
HGNC:3578,HGNC,2.7507652850833915,1.3219598951838785
GO:0009952,GO,2.7500550898813567,1.3217705305094416
HGNC:12788,HGNC,2.7495754387243485,1.321642617232692
FB:FBgn0042205,FB,2.7489795400205166,1.3214836802890342
MP:0008658,MP,2.7488073615797823,1.3214377524857972
HGNC:25862,HGNC,2.748404295218903,1.3213302281474915
GO:0032456,GO,2.7481552102888167,1.321263775015226
HGNC:20086,HGNC,2.747912492362925,1.3211990162815528
HP:0012639,HP,2.7477323472664583,1.3211509496774498
HP:0002167,HP,2.747409320883365,1.3210647534726025
HGNC:7979,HGNC,2.747282095391539,1.3210308026440034
HGNC:9811,HGNC,2.7472093736405765,1.32101139592341
HGNC:9570,HGNC,2.747083045591795,1.3209776827876725
FBBT:00000093,FBBT,2.7467202498369923,1.320880857253085
HGNC:406,HGNC,2.746562529721934,1.3208387608529568
ZFIN:ZDB-GENE-030131-4907,ZFIN,2.746274078510008,1.320761766991446
HGNC:11327,HGNC,2.7458767601454532,1.3206557044271747
HGNC:28486,HGNC,2.7450508594183476,1.3204351974960185
HGNC:20093,HGNC,2.744381189928865,1.3202563669820742
HGNC:987,HGNC,2.744321676515414,1.3202404727973234
ZFIN:ZDB-GENE-000426-1,ZFIN,2.7441314281044975,1.3201896616596158
ZFIN:ZDB-GENE-060621-1,ZFIN,2.743668934622549,1.3200661291239892
EMAPA:17847,EMAPA,2.7434559417987856,1.3200092333656477
HGNC:17565,HGNC,2.743379888055506,1.3199889167071792
HGNC:3629,HGNC,2.743187335888733,1.3199374773328825
HGNC:4043,HGNC,2.7429889868865507,1.3198844865953747
HGNC:23479,HGNC,2.7428056901827738,1.3198355147195162
MONDO:0018958,MONDO,2.742499999999999,1.319753837311646
HGNC:5440,HGNC,2.742428737854618,1.3197347958089467
HGNC:7976,HGNC,2.742160416723856,1.3196630961804607
HGNC:18303,HGNC,2.7421588399241177,1.3196626748195635
HGNC:6653,HGNC,2.7419969318156188,1.3196194079198724
HGNC:20038,HGNC,2.7415777570595834,1.3195073826448132
MP:0005027,MP,2.741530081010226,1.3194946403322902
MP:0003329,MP,2.7412116816160546,1.319409537998289
HGNC:8064,HGNC,2.741178604669206,1.3194006967201457
HGNC:4416,HGNC,2.7406348103066978,1.3192553323991438
REACTOME:R-DDI-8856825,REACTOME,2.7404527114333237,1.3192066499387713
HGNC:4901,HGNC,2.740316941955139,1.3191703516741569
HGNC:13607,HGNC,2.740211460997606,1.3191421502017853
HGNC:6128,HGNC,2.7397530580556944,1.3190195819887094
HGNC:11274,HGNC,2.7395608865796204,1.3189681945278973
ZFIN:ZDB-GENE-050506-1,ZFIN,2.739350624484265,1.3189119665339974
HGNC:20418,HGNC,2.7391714062959607,1.318864037762082
HGNC:8794,HGNC,2.7391426085686232,1.3188563360990386
HGNC:10705,HGNC,2.7390698030228333,1.3188368647222484
HGNC:15550,HGNC,2.7388746540706657,1.3187846715150557
HGNC:24212,HGNC,2.738806201717663,1.3187663630704123
GO:0030163,GO,2.738657950958583,1.3187267103870768
MP:0001700,MP,2.738508345347666,1.318686693727019
MP:0002953,MP,2.7380007161686493,1.3185509006247518
GO:0042626,GO,2.737897417890205,1.3185232656097745
HGNC:10943,HGNC,2.737578895040407,1.3184380475349238
HGNC:8117,HGNC,2.7366379626745916,1.3181862666758188
HGNC:333,HGNC,2.7362359050864473,1.3180786621328686
HGNC:17038,HGNC,2.7357845250031536,1.317957843382956
HGNC:6319,HGNC,2.735292262763957,1.317826065259429
HGNC:7014,HGNC,2.7343365709213225,1.3175701778869429
HGNC:2494,HGNC,2.733880062386187,1.31744792419289
HGNC:16994,HGNC,2.7338060614092208,1.3174281052086043
HGNC:11536,HGNC,2.7335305910588135,1.3173543251278734
HGNC:9360,HGNC,2.733279482636084,1.317287065235002
HGNC:7603,HGNC,2.732961673565858,1.3172019329539066
HGNC:7441,HGNC,2.732701738171744,1.317132298045424
HGNC:11918,HGNC,2.731962325188124,1.316934187861292
GO:0031124,GO,2.73194147305458,1.316928600400867
HGNC:3526,HGNC,2.7319033557060717,1.3169183865367304
HGNC:9359,HGNC,2.73002604900489,1.3164152172787622
HGNC:5434,HGNC,2.7293060877051603,1.3162221808811947
MP:0003720,MP,2.729272058580301,1.3162130560522547
HGNC:11526,HGNC,2.7291359708800176,1.3161765636265894
HGNC:9353,HGNC,2.729131394946876,1.3161753365498658
HGNC:23236,HGNC,2.7286365287830208,1.3160426249477772
HGNC:9652,HGNC,2.7282538574760773,1.3159399893215422
HGNC:2459,HGNC,2.7281861743767224,1.3159218350551452
MP:0002962,MP,2.727915507493244,1.315849232267483
HGNC:9855,HGNC,2.7278297865837824,1.3158262376757732
HGNC:19893,HGNC,2.727672336425658,1.3157840003708807
GO:0055088,GO,2.7272313984101295,1.3156657056130336
HGNC:357,HGNC,2.7270789256177457,1.3156247969881503
HGNC:12008,HGNC,2.727051093847352,1.3156173295116451
HGNC:8104,HGNC,2.726816510825758,1.3155543868799502
MP:0005669,MP,2.726741705879875,1.3155343146020635
HGNC:6839,HGNC,2.726693048132423,1.315521258139088
HGNC:8988,HGNC,2.7257682155971716,1.3152730629436296
HGNC:9804,HGNC,2.7256621749325323,1.3152446011157417
HGNC:24324,HGNC,2.7241572435018444,1.3148405828794245
HGNC:5361,HGNC,2.7234305110034245,1.3146454237152276
HGNC:17676,HGNC,2.723394318069813,1.3146357033486438
HGNC:6764,HGNC,2.7232263358641142,1.3145905869895504
HGNC:23292,HGNC,2.7230033226112664,1.3145306873455311
EMAPA:18722,EMAPA,2.7229547263759004,1.3145176342944538
HGNC:2495,HGNC,2.7227506909992725,1.3144628281034372
HGNC:7414,HGNC,2.72245597181827,1.3143836579220027
HGNC:7410,HGNC,2.7223810423596544,1.3143635286811677
MP:0003651,MP,2.7220990012403554,1.314287756802465
HGNC:1324,HGNC,2.721248954794236,1.3140593524728983
HGNC:2712,HGNC,2.720847769180076,1.3139515372618285
GO:0050661,GO,2.7198779413627334,1.3136908562851166
HGNC:8039,HGNC,2.719839983403742,1.3136806521458264
GO:0015035,GO,2.719714619979615,1.3136469502830612
HGNC:404,HGNC,2.7193747243709185,1.313555569310687
HGNC:17293,HGNC,2.719167144055763,1.3134997572123266
HGNC:757,HGNC,2.718973349370571,1.3134476488431965
HGNC:30097,HGNC,2.7187636119565814,1.313391250663176
HGNC:2485,HGNC,2.718219594973723,1.3132449502161556
MP:0008596,MP,2.718045756596052,1.3131981960003003
HGNC:122,HGNC,2.7179141209756272,1.3131627908548702
GO:0030855,GO,2.717718615613846,1.3131102047821708
WB:WBGene00008762,WB,2.7173834925918845,1.3130200586033258
HGNC:10979,HGNC,2.7165390776865013,1.3127928797751818
HGNC:6617,HGNC,2.7162333204838296,1.312710607054731
HGNC:8125,HGNC,2.716040354522061,1.3126586805594889
MP:0002084,MP,2.7155551789075045,1.3125281095096886
MP:0005602,MP,2.7152431706201,1.312444132452874
REACTOME:R-DDI-611105,REACTOME,2.7146790558281086,1.3122922830052264
HGNC:7876,HGNC,2.714653869391902,1.3122855027366718
HGNC:1705,HGNC,2.7145503054061715,1.3122576224998928
HGNC:1237,HGNC,2.714547583903113,1.3122568898394542
HGNC:74,HGNC,2.7143333040232065,1.3121992015057202
HGNC:1667,HGNC,2.7135712726238146,1.3119940207863932
EMAPA:16658,EMAPA,2.713269879802662,1.3119128576606085
HGNC:16404,HGNC,2.713183905103946,1.311889704025991
HGNC:21569,HGNC,2.7131491315958507,1.3118803391058014
MP:0001696,MP,2.71251200116915,1.311708736761748
HGNC:15842,HGNC,2.712482421067114,1.3117007690515103
HGNC:14277,HGNC,2.712269281268565,1.311643355738001
HGNC:48925,HGNC,2.7111009179385706,1.3113285759794038
HGNC:19355,HGNC,2.711078876625344,1.3113226366694337
HP:0000787,HP,2.710769554850621,1.3112392822927559
HGNC:10941,HGNC,2.7102887114465135,1.3111096933884443
HGNC:18697,HGNC,2.710188511987733,1.311082687184997
HGNC:8124,HGNC,2.7100055530293745,1.31103337339164
HGNC:2451,HGNC,2.7099726705462506,1.3110245101626294
HGNC:12814,HGNC,2.709847451006594,1.3109907574468986
HGNC:6700,HGNC,2.709576705157298,1.3109177744650073
HGNC:18449,HGNC,2.7094425386876173,1.3108816062154625
HGNC:8154,HGNC,2.70930440198668,1.310844366314423
HGNC:24035,HGNC,2.7083404391023733,1.310584455544796
HGNC:1589,HGNC,2.7077418431617084,1.310423023694614
HGNC:21107,HGNC,2.707600162564855,1.3103848108659242
HGNC:5969,HGNC,2.7075750922069477,1.310378048960225
MP:0003733,MP,2.7072296280038453,1.3102848666806133
HGNC:11742,HGNC,2.7068143844153023,1.3101728512708635
HGNC:15979,HGNC,2.7066610840181897,1.3101314940429918
HGNC:11728,HGNC,2.7057565691979817,1.3098874401142968
HGNC:31529,HGNC,2.7057417036639806,1.3098834286355232
HGNC:23019,HGNC,2.70535258661565,1.3097784192985893
HGNC:2428,HGNC,2.705289633645122,1.3097614294160238
ZFIN:ZDB-GENE-111115-1,ZFIN,2.705004504597805,1.3096844745631828
GO:0016620,GO,2.704231079033538,1.309475701186133
HGNC:30844,HGNC,2.7040804591801733,1.309435038788876
HGNC:6183,HGNC,2.7037624308316475,1.3093491761825968
HP:0008322,HP,2.703399781763958,1.3092512576930133
GO:0065003,GO,2.7032996925284287,1.309224231016453
HGNC:4057,HGNC,2.7030080081196193,1.309145464532329
MP:0020451,MP,2.7025842536346905,1.3090310227779323
HGNC:10519,HGNC,2.702419980675061,1.3089866546845568
GO:0008092,GO,2.7024139918194665,1.3089850371315863
HGNC:11204,HGNC,2.7016916334458307,1.3087899133955168
HGNC:18967,HGNC,2.7012590076804845,1.3086730341167505
HGNC:15767,HGNC,2.7011527481482145,1.30864432468102
HGNC:4426,HGNC,2.7005150438075383,1.308472010991679
HGNC:13890,HGNC,2.700321130346954,1.3084196078696355
MONDO:0018947,MONDO,2.699999999999999,1.3083328196501784
HGNC:14006,HGNC,2.6997360118093487,1.3082614689451422
HGNC:11592,HGNC,2.6995949954609917,1.308223352972702
HGNC:9186,HGNC,2.698556065926075,1.307942491029461
HGNC:21073,HGNC,2.697455527051728,1.3076448876878128
GO:0019706,GO,2.6973127792932328,1.3076062799174002
HGNC:6029,HGNC,2.6969513701449137,1.307508525998605
HP:0001319,HP,2.696336762391898,1.3073422649944582
HGNC:18731,HGNC,2.69556153487441,1.3071325144028905
HGNC:3267,HGNC,2.6954737380574736,1.3071087567522506
HGNC:10537,HGNC,2.6945033571797232,1.3068461359427888
HGNC:22407,HGNC,2.6941930285576867,1.306762135029497
HGNC:8066,HGNC,2.693841791132314,1.3066670522546564
NCBIGENE:2876791,NCBIGENE,2.6927811698211945,1.306379878718383
HGNC:2265,HGNC,2.6926711031182986,1.3063500723642594
HGNC:20776,HGNC,2.6925126509480988,1.3063071615375283
HGNC:1662,HGNC,2.692019909064726,1.3061737091138035
HGNC:7223,HGNC,2.6919441174326657,1.3061531804027235
GO:0044183,GO,2.6915553356035216,1.3060478694097515
HGNC:4799,HGNC,2.6915178635170074,1.306037718599783
NCBIGENE:417291,NCBIGENE,2.6914628911408123,1.3060228269515386
HGNC:2363,HGNC,2.691383110906749,1.3060012146264153
HGNC:1123,HGNC,2.691128456637911,1.305932226107641
HGNC:7601,HGNC,2.6907843124679443,1.305838986271035
HGNC:14508,HGNC,2.6898869718913407,1.3055958266595435
HGNC:2326,HGNC,2.6898563312349397,1.3055875226697862
MP:0000755,MP,2.689551635517899,1.3055049426800127
HGNC:11773,HGNC,2.6890661191845417,1.3053733417893856
HGNC:409,HGNC,2.688825690499364,1.3053081663459216
HGNC:13386,HGNC,2.688549423052572,1.3052332704804765
HGNC:1917,HGNC,2.6880443236680884,1.3050963239703077
HGNC:14906,HGNC,2.687688201138427,1.304999757960426
HGNC:14068,HGNC,2.6875022972636184,1.3049493446524882
HGNC:17985,HGNC,2.687078699169495,1.3048344640661078
HGNC:6720,HGNC,2.68695287819446,1.3048003386426603
FYPO:0006680,FYPO,2.6868014158487377,1.304759257169179
ZFIN:ZDB-GENE-050419-156,ZFIN,2.6865858294371088,1.3047007802698873
EMAPA:16177,EMAPA,2.686334368456821,1.304632568225369
HGNC:5234,HGNC,2.6862316978053675,1.304604716144957
HGNC:37,HGNC,2.686027583142546,1.304549342437903
GO:0019731,GO,2.685963095252969,1.3045318470577836
HGNC:17082,HGNC,2.6856576849350184,1.3044489859537651
HGNC:6026,HGNC,2.6852707509832685,1.3043439967504458
HGNC:29170,HGNC,2.684461506837382,1.3041243838470653
GO:0004620,GO,2.68389509245967,1.3039706414565622
HGNC:1554,HGNC,2.6836915160448336,1.3039153787428117
HP:0011344,HP,2.682899142967169,1.3037002526098698
HP:0025153,HP,2.682809183883915,1.3036758261516754
HGNC:9196,HGNC,2.6827208055814658,1.3036518283395477
EMAPA:16096,EMAPA,2.682269739685823,1.303529339140564
HGNC:73,HGNC,2.6818889947350426,1.3034259342670813
POMBASE:SPAC521.03,POMBASE,2.6817360051922012,1.3033843814876107
MP:0004046,MP,2.6809367822271355,1.3031672801736502
MONDO:0004976,MONDO,2.6807429287331925,1.3031146146131805
HGNC:13200,HGNC,2.680559193028228,1.3030646952641405
HGNC:10760,HGNC,2.680451198594584,1.3030353529788004
HGNC:33480,HGNC,2.6803586371522377,1.3030102031802273
GO:0035023,GO,2.6802247285767464,1.3029738178643218
HGNC:15923,HGNC,2.6796821904399315,1.3028263871579915
HGNC:15474,HGNC,2.6795711815699823,1.3027962186437834
HGNC:9935,HGNC,2.678816511480521,1.3025911003152613
HGNC:13082,HGNC,2.678759235518766,1.3025755310669858
HP:0010628,HP,2.678343464868382,1.3024625054187764
HGNC:12796,HGNC,2.677833214853143,1.3023237784582171
HGNC:21083,HGNC,2.677823349731663,1.302321096135737
HGNC:26661,HGNC,2.6777093696233156,1.3022901044692716
HGNC:28996,HGNC,2.6768789759318774,1.3020642879705226
HGNC:16792,HGNC,2.6768221086613706,1.302048821671348
HGNC:16876,HGNC,2.676254572426276,1.3018944546598676
HGNC:23,HGNC,2.675510790837771,1.3016921137106423
HGNC:12337,HGNC,2.6749826936804286,1.3015484234511072
HGNC:13664,HGNC,2.6749266781454613,1.3015331809407211
HGNC:4066,HGNC,2.6745223486084053,1.301423151049775
HGNC:1653,HGNC,2.6736218309665674,1.3011780503483354
HGNC:3434,HGNC,2.6726247909944294,1.3009066083373149
HGNC:27564,HGNC,2.672621230291613,1.3009056388115001
FYPO:0005193,FYPO,2.672320714716322,1.3008238095532954
FYPO:0000091,FYPO,2.672277251057569,1.3008119740085982
HGNC:3151,HGNC,2.6720547278029416,1.3007513767329477
HGNC:17634,HGNC,2.672009216710239,1.3007389827524358
MGI:95500,MGI,2.6719501937118912,1.3007229088623036
HGNC:2704,HGNC,2.671785802960421,1.3006781385297175
HGNC:32060,HGNC,2.671118240114815,1.3004963132345675
HGNC:1779,HGNC,2.6710099767492963,1.3004668222307798
HGNC:18157,HGNC,2.6706745260496634,1.3003754397422682
HGNC:89,HGNC,2.670463028905264,1.3003178200224703
HGNC:3482,HGNC,2.670447397750823,1.3003135613805492
HGNC:8848,HGNC,2.670085976012056,1.30021508849836
HGNC:7865,HGNC,2.669790162208387,1.3001344839218636
ZFIN:ZDB-GENE-030131-6070,ZFIN,2.6693069846553885,1.3000028117164064
GO:0001503,GO,2.6691649268979396,1.29996409582046
HGNC:20861,HGNC,2.6690005488070585,1.2999192949525993
MP:0000433,MP,2.668818371264246,1.2998696405403456
HGNC:4192,HGNC,2.668598573518022,1.2998097290625208
HGNC:15720,HGNC,2.6685534200830507,1.2997974208985323
HGNC:5344,HGNC,2.668529872781229,1.2997910021893855
HGNC:11784,HGNC,2.668406623181283,1.299757405169696
HGNC:7669,HGNC,2.6682888007377312,1.2997252865013436
HGNC:6296,HGNC,2.6673384679733587,1.299466185885983
HGNC:26048,HGNC,2.6671047748869334,1.2994024610526818
MP:0005093,MP,2.666300395076813,1.2991830868889194
HGNC:2854,HGNC,2.666227165211755,1.2991631129128358
GO:0007163,GO,2.6659015224366827,1.2990742866553713
HGNC:16808,HGNC,2.6653980417721614,1.2989369356548008
HGNC:10637,HGNC,2.6647057424140725,1.2987480435516245
GO:0001664,GO,2.6644183175242286,1.2986696099250028
HGNC:12513,HGNC,2.664053587970932,1.2985700722428497
HGNC:3332,HGNC,2.664051260796124,1.2985694371059744
GO:0035092,GO,2.663089402683786,1.298306890455913
HGNC:2432,HGNC,2.6627732747445982,1.2982205858244167
HGNC:9119,HGNC,2.6627112231424745,1.2982036445280032
HGNC:7506,HGNC,2.662496288020478,1.298144960832905
MP:0004564,MP,2.6624484130639763,1.2981318890737434
HGNC:9452,HGNC,2.6623233648395797,1.298097745150028
HGNC:28529,HGNC,2.661762151249031,1.2979444936374904
HGNC:7698,HGNC,2.661656661282486,1.2979156846974989
HGNC:17042,HGNC,2.661450358581631,1.297859341754442
